"simKey","numFieldsInf","ngaBool","rank"
"2022_05_16_cross_continental_endemic-2022_05_16_batch_0-job2436-0",30471394.929883,FALSE,1
"2022_05_16_cross_continental_endemic-2022_05_16_batch_0-job3690-0",35420567.500834,FALSE,2
"2022_05_16_cross_continental_endemic-2022_05_16_batch_0-job2784-0",37550222.8824463,FALSE,3
"2022_05_16_cross_continental_endemic-2022_05_16_batch_0-job1523-0",39275989.6458588,FALSE,4
"2022_05_16_cross_continental_endemic-2022_05_16_batch_0-job1189-0",39632221.6103013,FALSE,5
"2022_05_16_cross_continental_endemic-2022_05_16_batch_0-job5306-0",40408280.7400513,FALSE,6
"2022_05_16_cross_continental_endemic-2022_05_16_batch_0-job3686-0",40456420.409668,FALSE,7
"2022_05_16_cross_continental_endemic-2022_05_16_batch_0-job1297-0",41224268.3678665,FALSE,8
"2022_05_16_cross_continental_endemic-2022_05_16_batch_0-job9387-0",41337296.1258545,FALSE,9
"2022_05_16_cross_continental_endemic-2022_05_16_batch_0-job7436-0",41374994.2356759,FALSE,10
"2022_05_16_cross_continental_endemic-2022_05_16_batch_0-job4304-0",41627869.8531112,FALSE,11
"2022_05_16_cross_continental_endemic-2022_05_16_batch_0-job4912-0",41833946.3576959,FALSE,12
"2022_05_16_cross_continental_endemic-2022_05_16_batch_0-job9235-0",41997023.4281425,FALSE,13
"2022_05_16_cross_continental_endemic-2022_05_16_batch_0-job5681-0",42085272.9720878,FALSE,14
"2022_05_16_cross_continental_endemic-2022_05_16_batch_0-job4392-0",42304445.8692679,FALSE,15
"2022_05_16_cross_continental_endemic-2022_05_16_batch_0-job9412-0",42456847.8229809,FALSE,16
"2022_05_16_cross_continental_endemic-2022_05_16_batch_0-job9156-0",42480288.0000033,FALSE,17
"2022_05_16_cross_continental_endemic-2022_05_16_batch_0-job1341-0",42811951.3359375,FALSE,18
"2022_05_16_cross_continental_endemic-2022_05_16_batch_0-job8513-0",42912069.4365082,FALSE,19
"2022_05_16_cross_continental_endemic-2022_05_16_batch_0-job7778-0",43067612.6659088,FALSE,20
"2022_05_16_cross_continental_endemic-2022_05_16_batch_0-job2061-0",43106034.8831405,FALSE,21
"2022_05_16_cross_continental_endemic-2022_05_16_batch_0-job849-0",43147655.3349609,FALSE,22
"2022_05_16_cross_continental_endemic-2022_05_16_batch_0-job2509-0",43155378.9109497,FALSE,23
"2022_05_16_cross_continental_endemic-2022_05_16_batch_0-job5036-0",43200612.1787109,FALSE,24
"2022_05_16_cross_continental_endemic-2022_05_16_batch_0-job8047-0",43213493.6141831,FALSE,25
"2022_05_16_cross_continental_endemic-2022_05_16_batch_0-job5265-0",43289920.0123119,FALSE,26
"2022_05_16_cross_continental_endemic-2022_05_16_batch_0-job703-0",43346697.0435791,FALSE,27
"2022_05_16_cross_continental_endemic-2022_05_16_batch_0-job6331-0",43503733.1933594,FALSE,28
"2022_05_16_cross_continental_endemic-2022_05_16_batch_0-job5920-0",43567807.432373,FALSE,29
"2022_05_16_cross_continental_endemic-2022_05_16_batch_0-job1646-0",43614914.2832031,FALSE,30
"2022_05_16_cross_continental_endemic-2022_05_16_batch_0-job9427-0",43617482.6334451,FALSE,31
"2022_05_16_cross_continental_endemic-2022_05_16_batch_0-job9744-0",43638351.63414,FALSE,32
"2022_05_16_cross_continental_endemic-2022_05_16_batch_0-job6718-0",43646742.4626827,FALSE,33
"2022_05_16_cross_continental_endemic-2022_05_16_batch_0-job7954-0",43696122.2659756,FALSE,34
"2022_05_16_cross_continental_endemic-2022_05_16_batch_0-job304-0",43740938.4080687,FALSE,35
"2022_05_16_cross_continental_endemic-2022_05_16_batch_0-job1521-0",43777303.9655762,FALSE,36
"2022_05_16_cross_continental_endemic-2022_05_16_batch_0-job9125-0",43840891.0418997,FALSE,37
"2022_05_16_cross_continental_endemic-2022_05_16_batch_0-job7544-0",43889127.5771191,FALSE,38
"2022_05_16_cross_continental_endemic-2022_05_16_batch_0-job1122-0",43913302.9672852,FALSE,39
"2022_05_16_cross_continental_endemic-2022_05_16_batch_0-job5278-0",44044005.5791016,FALSE,40
"2022_05_16_cross_continental_endemic-2022_05_16_batch_0-job9484-0",44052909.2569513,FALSE,41
"2022_05_16_cross_continental_endemic-2022_05_16_batch_0-job8372-0",44060194.3256378,FALSE,42
"2022_05_16_cross_continental_endemic-2022_05_16_batch_0-job7282-0",44079213.3751677,FALSE,43
"2022_05_16_cross_continental_endemic-2022_05_16_batch_0-job9357-0",44094207.2656479,FALSE,44
"2022_05_16_cross_continental_endemic-2022_05_16_batch_0-job7487-0",44137981.3725586,FALSE,45
"2022_05_16_cross_continental_endemic-2022_05_16_batch_0-job6317-0",44142379.165741,FALSE,46
"2022_05_16_cross_continental_endemic-2022_05_16_batch_0-job6564-0",44151111.6139755,FALSE,47
"2022_05_16_cross_continental_endemic-2022_05_16_batch_0-job9468-0",44153253.859436,FALSE,48
"2022_05_16_cross_continental_endemic-2022_05_16_batch_0-job7766-0",44168923.3122559,FALSE,49
"2022_05_16_cross_continental_endemic-2022_05_16_batch_0-job2792-0",44169003.2806325,FALSE,50
"2022_05_16_cross_continental_endemic-2022_05_16_batch_0-job8076-0",44188704.5517273,FALSE,51
"2022_05_16_cross_continental_endemic-2022_05_16_batch_0-job2350-0",44195372.8002014,FALSE,52
"2022_05_16_cross_continental_endemic-2022_05_16_batch_0-job1424-0",44222639.4614258,FALSE,53
"2022_05_16_cross_continental_endemic-2022_05_16_batch_0-job4201-0",44246170.5399224,FALSE,54
"2022_05_16_cross_continental_endemic-2022_05_16_batch_0-job5492-0",44250875.7077637,FALSE,55
"2022_05_16_cross_continental_endemic-2022_05_16_batch_0-job944-0",44273817.5230713,FALSE,56
"2022_05_16_cross_continental_endemic-2022_05_16_batch_0-job1001-0",44302078.1374512,FALSE,57
"2022_05_16_cross_continental_endemic-2022_05_16_batch_0-job6812-0",44302529.3525391,FALSE,58
"2022_05_16_cross_continental_endemic-2022_05_16_batch_0-job6355-0",44326484.6357117,FALSE,59
"2022_05_16_cross_continental_endemic-2022_05_16_batch_0-job8981-0",44327173.0998535,FALSE,60
"2022_05_16_cross_continental_endemic-2022_05_16_batch_0-job4859-0",44351803.8959961,FALSE,61
"2022_05_16_cross_continental_endemic-2022_05_16_batch_0-job7878-0",44372482.0168457,FALSE,62
"2022_05_16_cross_continental_endemic-2022_05_16_batch_0-job3776-0",44384480.0388184,FALSE,63
"2022_05_16_cross_continental_endemic-2022_05_16_batch_0-job3136-0",44397038.3198242,FALSE,64
"2022_05_16_cross_continental_endemic-2022_05_16_batch_0-job9650-0",44424097.3613129,FALSE,65
"2022_05_16_cross_continental_endemic-2022_05_16_batch_0-job2562-0",44444439.3479838,FALSE,66
"2022_05_16_cross_continental_endemic-2022_05_16_batch_0-job9514-0",44449383.1850777,FALSE,67
"2022_05_16_cross_continental_endemic-2022_05_16_batch_0-job6114-0",44471160.0793457,FALSE,68
"2022_05_16_cross_continental_endemic-2022_05_16_batch_0-job910-0",44474910.6591797,FALSE,69
"2022_05_16_cross_continental_endemic-2022_05_16_batch_0-job8547-0",44489345.7570801,FALSE,70
"2022_05_16_cross_continental_endemic-2022_05_16_batch_0-job2021-0",44492970.6904297,FALSE,71
"2022_05_16_cross_continental_endemic-2022_05_16_batch_0-job5933-0",44501171.4619141,FALSE,72
"2022_05_16_cross_continental_endemic-2022_05_16_batch_0-job6993-0",44562508.6704102,FALSE,73
"2022_05_16_cross_continental_endemic-2022_05_16_batch_0-job2423-0",44572062.1119385,FALSE,74
"2022_05_16_cross_continental_endemic-2022_05_16_batch_0-job5532-0",44604176.6862793,FALSE,75
"2022_05_16_cross_continental_endemic-2022_05_16_batch_0-job1168-0",44624336.3955154,FALSE,76
"2022_05_16_cross_continental_endemic-2022_05_16_batch_0-job2628-0",44648971.7073975,FALSE,77
"2022_05_16_cross_continental_endemic-2022_05_16_batch_0-job2560-0",44691955.3029785,FALSE,78
"2022_05_16_cross_continental_endemic-2022_05_16_batch_0-job4539-0",44695219.7386475,FALSE,79
"2022_05_16_cross_continental_endemic-2022_05_16_batch_0-job2861-0",44701747.3803748,FALSE,80
"2022_05_16_cross_continental_endemic-2022_05_16_batch_0-job733-0",44714857.7304688,FALSE,81
"2022_05_16_cross_continental_endemic-2022_05_16_batch_0-job3080-0",44757187.9310706,FALSE,82
"2022_05_16_cross_continental_endemic-2022_05_16_batch_0-job3923-0",44778132.2964478,FALSE,83
"2022_05_16_cross_continental_endemic-2022_05_16_batch_0-job3148-0",44781846.8352127,FALSE,84
"2022_05_16_cross_continental_endemic-2022_05_16_batch_0-job9313-0",44792405.5200195,FALSE,85
"2022_05_16_cross_continental_endemic-2022_05_16_batch_0-job8299-0",44835997.3497314,FALSE,86
"2022_05_16_cross_continental_endemic-2022_05_16_batch_0-job4213-0",44857530.9264393,FALSE,87
"2022_05_16_cross_continental_endemic-2022_05_16_batch_0-job9098-0",44876297.328125,FALSE,88
"2022_05_16_cross_continental_endemic-2022_05_16_batch_0-job8712-0",44896072.0692768,FALSE,89
"2022_05_16_cross_continental_endemic-2022_05_16_batch_0-job9693-0",44936712.2481055,FALSE,90
"2022_05_16_cross_continental_endemic-2022_05_16_batch_0-job364-0",44945646.8318,FALSE,91
"2022_05_16_cross_continental_endemic-2022_05_16_batch_0-job1746-0",44950302.1717529,FALSE,92
"2022_05_16_cross_continental_endemic-2022_05_16_batch_0-job8404-0",44952061.4509468,FALSE,93
"2022_05_16_cross_continental_endemic-2022_05_16_batch_0-job3993-0",44963792.5161133,FALSE,94
"2022_05_16_cross_continental_endemic-2022_05_16_batch_0-job1374-0",44966278.9101562,FALSE,95
"2022_05_16_cross_continental_endemic-2022_05_16_batch_0-job6338-0",44967860.4163247,FALSE,96
"2022_05_16_cross_continental_endemic-2022_05_16_batch_0-job2899-0",44978914.8234863,FALSE,97
"2022_05_16_cross_continental_endemic-2022_05_16_batch_0-job123-0",44986483.427002,FALSE,98
"2022_05_16_cross_continental_endemic-2022_05_16_batch_0-job9561-0",44987920.2163086,FALSE,99
"2022_05_16_cross_continental_endemic-2022_05_16_batch_0-job4872-0",45000289.380127,FALSE,100
"2022_05_16_cross_continental_endemic-2022_05_16_batch_0-job2898-0",45002015.3208008,FALSE,101
"2022_05_16_cross_continental_endemic-2022_05_16_batch_0-job781-0",45018056.2109375,FALSE,102
"2022_05_16_cross_continental_endemic-2022_05_16_batch_0-job4572-0",45037465.3968925,FALSE,103
"2022_05_16_cross_continental_endemic-2022_05_16_batch_0-job5-0",45040119.1096191,FALSE,104
"2022_05_16_cross_continental_endemic-2022_05_16_batch_0-job3500-0",45049510.5683594,FALSE,105
"2022_05_16_cross_continental_endemic-2022_05_16_batch_0-job5726-0",45059565.8654089,FALSE,106
"2022_05_16_cross_continental_endemic-2022_05_16_batch_0-job671-0",45090337.4501953,FALSE,107
"2022_05_16_cross_continental_endemic-2022_05_16_batch_0-job3967-0",45095067.4814453,FALSE,108
"2022_05_16_cross_continental_endemic-2022_05_16_batch_0-job3914-0",45110563.9210205,FALSE,109
"2022_05_16_cross_continental_endemic-2022_05_16_batch_0-job3550-0",45137292.923288,FALSE,110
"2022_05_16_cross_continental_endemic-2022_05_16_batch_0-job8367-0",45166027.3295898,FALSE,111
"2022_05_16_cross_continental_endemic-2022_05_16_batch_0-job5722-0",45189963.2246399,FALSE,112
"2022_05_16_cross_continental_endemic-2022_05_16_batch_0-job9668-0",45190748.6025391,FALSE,113
"2022_05_16_cross_continental_endemic-2022_05_16_batch_0-job6755-0",45227059.9088073,FALSE,114
"2022_05_16_cross_continental_endemic-2022_05_16_batch_0-job7032-0",45260135.7102051,FALSE,115
"2022_05_16_cross_continental_endemic-2022_05_16_batch_0-job4104-0",45270611.6064453,FALSE,116
"2022_05_16_cross_continental_endemic-2022_05_16_batch_0-job3917-0",45272158.2443848,FALSE,117
"2022_05_16_cross_continental_endemic-2022_05_16_batch_0-job3461-0",45305387.3300781,FALSE,118
"2022_05_16_cross_continental_endemic-2022_05_16_batch_0-job6197-0",45307035.4536133,FALSE,119
"2022_05_16_cross_continental_endemic-2022_05_16_batch_0-job4322-0",45307866.5197754,FALSE,120
"2022_05_16_cross_continental_endemic-2022_05_16_batch_0-job409-0",45331395.0294685,FALSE,121
"2022_05_16_cross_continental_endemic-2022_05_16_batch_0-job8645-0",45341922.104876,FALSE,122
"2022_05_16_cross_continental_endemic-2022_05_16_batch_0-job436-0",45351601.9161644,FALSE,123
"2022_05_16_cross_continental_endemic-2022_05_16_batch_0-job9825-0",45360118.8296885,FALSE,124
"2022_05_16_cross_continental_endemic-2022_05_16_batch_0-job5439-0",45375171.0080566,FALSE,125
"2022_05_16_cross_continental_endemic-2022_05_16_batch_0-job96-0",45376658.6687012,FALSE,126
"2022_05_16_cross_continental_endemic-2022_05_16_batch_0-job2790-0",45382080.1621094,FALSE,127
"2022_05_16_cross_continental_endemic-2022_05_16_batch_0-job3546-0",45395486.1464844,FALSE,128
"2022_05_16_cross_continental_endemic-2022_05_16_batch_0-job8956-0",45399617.0991211,FALSE,129
"2022_05_16_cross_continental_endemic-2022_05_16_batch_0-job3008-0",45402547.6552734,FALSE,130
"2022_05_16_cross_continental_endemic-2022_05_16_batch_0-job1311-0",45414358.4316406,FALSE,131
"2022_05_16_cross_continental_endemic-2022_05_16_batch_0-job896-0",45423699.2718439,FALSE,132
"2022_05_16_cross_continental_endemic-2022_05_16_batch_0-job7540-0",45432686.3098149,FALSE,133
"2022_05_16_cross_continental_endemic-2022_05_16_batch_0-job9577-0",45440638.7575684,FALSE,134
"2022_05_16_cross_continental_endemic-2022_05_16_batch_0-job2063-0",45465652.3135986,FALSE,135
"2022_05_16_cross_continental_endemic-2022_05_16_batch_0-job7723-0",45481492.9555588,FALSE,136
"2022_05_16_cross_continental_endemic-2022_05_16_batch_0-job5288-0",45530783.46875,FALSE,137
"2022_05_16_cross_continental_endemic-2022_05_16_batch_0-job5292-0",45558621.1125488,FALSE,138
"2022_05_16_cross_continental_endemic-2022_05_16_batch_0-job5542-0",45560710.3479004,FALSE,139
"2022_05_16_cross_continental_endemic-2022_05_16_batch_0-job4494-0",45560778.366272,FALSE,140
"2022_05_16_cross_continental_endemic-2022_05_16_batch_0-job6420-0",45561477.5187988,FALSE,141
"2022_05_16_cross_continental_endemic-2022_05_16_batch_0-job1811-0",45569746.1699219,FALSE,142
"2022_05_16_cross_continental_endemic-2022_05_16_batch_0-job3272-0",45588348.576416,FALSE,143
"2022_05_16_cross_continental_endemic-2022_05_16_batch_0-job195-0",45602171.105957,FALSE,144
"2022_05_16_cross_continental_endemic-2022_05_16_batch_0-job8804-0",45628655.4812012,FALSE,145
"2022_05_16_cross_continental_endemic-2022_05_16_batch_0-job1139-0",45648065.2086318,FALSE,146
"2022_05_16_cross_continental_endemic-2022_05_16_batch_0-job487-0",45657384.6923828,FALSE,147
"2022_05_16_cross_continental_endemic-2022_05_16_batch_0-job2918-0",45666768.6933594,FALSE,148
"2022_05_16_cross_continental_endemic-2022_05_16_batch_0-job7907-0",45670438.8273926,FALSE,149
"2022_05_16_cross_continental_endemic-2022_05_16_batch_0-job8971-0",45707141.1044922,FALSE,150
"2022_05_16_cross_continental_endemic-2022_05_16_batch_0-job4766-0",45710259.7719727,FALSE,151
"2022_05_16_cross_continental_endemic-2022_05_16_batch_0-job6390-0",45712247.6312866,FALSE,152
"2022_05_16_cross_continental_endemic-2022_05_16_batch_0-job3814-0",45730503.9365234,FALSE,153
"2022_05_16_cross_continental_endemic-2022_05_16_batch_0-job6447-0",45745758.0196693,FALSE,154
"2022_05_16_cross_continental_endemic-2022_05_16_batch_0-job6545-0",45770230.4760742,FALSE,155
"2022_05_16_cross_continental_endemic-2022_05_16_batch_0-job9322-0",45773611.328146,FALSE,156
"2022_05_16_cross_continental_endemic-2022_05_16_batch_0-job1030-0",45791536.882345,FALSE,157
"2022_05_16_cross_continental_endemic-2022_05_16_batch_0-job7128-0",45868356.2773438,FALSE,158
"2022_05_16_cross_continental_endemic-2022_05_16_batch_0-job8198-0",45870568.0800781,FALSE,159
"2022_05_16_cross_continental_endemic-2022_05_16_batch_0-job27-0",45879306.9537489,FALSE,160
"2022_05_16_cross_continental_endemic-2022_05_16_batch_0-job533-0",45880060.0664062,FALSE,161
"2022_05_16_cross_continental_endemic-2022_05_16_batch_0-job6981-0",45880721.3540039,FALSE,162
"2022_05_16_cross_continental_endemic-2022_05_16_batch_0-job8739-0",45901723.097168,FALSE,163
"2022_05_16_cross_continental_endemic-2022_05_16_batch_0-job8416-0",45927763.7480469,FALSE,164
"2022_05_16_cross_continental_endemic-2022_05_16_batch_0-job4776-0",45929773.7712402,FALSE,165
"2022_05_16_cross_continental_endemic-2022_05_16_batch_0-job9210-0",45937350.10755,FALSE,166
"2022_05_16_cross_continental_endemic-2022_05_16_batch_0-job9954-0",45940501.7370605,FALSE,167
"2022_05_16_cross_continental_endemic-2022_05_16_batch_0-job3514-0",45948352.7763672,FALSE,168
"2022_05_16_cross_continental_endemic-2022_05_16_batch_0-job9338-0",45956813.777832,FALSE,169
"2022_05_16_cross_continental_endemic-2022_05_16_batch_0-job2260-0",45969619.411377,FALSE,170
"2022_05_16_cross_continental_endemic-2022_05_16_batch_0-job4772-0",45991494.5195312,FALSE,171
"2022_05_16_cross_continental_endemic-2022_05_16_batch_0-job2175-0",46009534.75,FALSE,172
"2022_05_16_cross_continental_endemic-2022_05_16_batch_0-job2647-0",46035307.8525391,FALSE,173
"2022_05_16_cross_continental_endemic-2022_05_16_batch_0-job5375-0",46049770.9086703,FALSE,174
"2022_05_16_cross_continental_endemic-2022_05_16_batch_0-job3162-0",46055164.2734451,FALSE,175
"2022_05_16_cross_continental_endemic-2022_05_16_batch_0-job2003-0",46071643.8112793,FALSE,176
"2022_05_16_cross_continental_endemic-2022_05_16_batch_0-job2065-0",46088678.4584961,FALSE,177
"2022_05_16_cross_continental_endemic-2022_05_16_batch_0-job2741-0",46094331.0415039,FALSE,178
"2022_05_16_cross_continental_endemic-2022_05_16_batch_0-job4688-0",46103789.3097302,FALSE,179
"2022_05_16_cross_continental_endemic-2022_05_16_batch_0-job869-0",46109558.3503418,FALSE,180
"2022_05_16_cross_continental_endemic-2022_05_16_batch_0-job6259-0",46126336.1386719,FALSE,181
"2022_05_16_cross_continental_endemic-2022_05_16_batch_0-job7658-0",46141135.2961874,FALSE,182
"2022_05_16_cross_continental_endemic-2022_05_16_batch_0-job1978-0",46147139.9806044,FALSE,183
"2022_05_16_cross_continental_endemic-2022_05_16_batch_0-job1850-0",46168445.4016815,FALSE,184
"2022_05_16_cross_continental_endemic-2022_05_16_batch_0-job2934-0",46187005.8366992,FALSE,185
"2022_05_16_cross_continental_endemic-2022_05_16_batch_0-job5803-0",46192064.5449219,FALSE,186
"2022_05_16_cross_continental_endemic-2022_05_16_batch_0-job17-0",46200363.618654,FALSE,187
"2022_05_16_cross_continental_endemic-2022_05_16_batch_0-job2177-0",46211388.5183105,FALSE,188
"2022_05_16_cross_continental_endemic-2022_05_16_batch_0-job2576-0",46228144.3925577,FALSE,189
"2022_05_16_cross_continental_endemic-2022_05_16_batch_0-job7324-0",46233013.0292969,FALSE,190
"2022_05_16_cross_continental_endemic-2022_05_16_batch_0-job3328-0",46234272.1914062,FALSE,191
"2022_05_16_cross_continental_endemic-2022_05_16_batch_0-job3859-0",46244163.8640293,FALSE,192
"2022_05_16_cross_continental_endemic-2022_05_16_batch_0-job7373-0",46248222.9249268,FALSE,193
"2022_05_16_cross_continental_endemic-2022_05_16_batch_0-job4302-0",46265274.465332,FALSE,194
"2022_05_16_cross_continental_endemic-2022_05_16_batch_0-job4068-0",46265993.2646484,FALSE,195
"2022_05_16_cross_continental_endemic-2022_05_16_batch_0-job5629-0",46268254.3606439,FALSE,196
"2022_05_16_cross_continental_endemic-2022_05_16_batch_0-job5080-0",46271296.78479,FALSE,197
"2022_05_16_cross_continental_endemic-2022_05_16_batch_0-job7599-0",46274027.4101257,FALSE,198
"2022_05_16_cross_continental_endemic-2022_05_16_batch_0-job1440-0",46279453.5974121,FALSE,199
"2022_05_16_cross_continental_endemic-2022_05_16_batch_0-job340-0",46312914.7031405,FALSE,200
"2022_05_16_cross_continental_endemic-2022_05_16_batch_0-job1488-0",46313988.0507812,FALSE,201
"2022_05_16_cross_continental_endemic-2022_05_16_batch_0-job1907-0",46323680.4492188,FALSE,202
"2022_05_16_cross_continental_endemic-2022_05_16_batch_0-job4869-0",46325543.1291504,FALSE,203
"2022_05_16_cross_continental_endemic-2022_05_16_batch_0-job6653-0",46336089.9356884,FALSE,204
"2022_05_16_cross_continental_endemic-2022_05_16_batch_0-job4372-0",46338147.1967773,FALSE,205
"2022_05_16_cross_continental_endemic-2022_05_16_batch_0-job5745-0",46349278.1933594,FALSE,206
"2022_05_16_cross_continental_endemic-2022_05_16_batch_0-job7534-0",46358584.7714844,FALSE,207
"2022_05_16_cross_continental_endemic-2022_05_16_batch_0-job4342-0",46366668.8392791,FALSE,208
"2022_05_16_cross_continental_endemic-2022_05_16_batch_0-job9897-0",46369712.934082,FALSE,209
"2022_05_16_cross_continental_endemic-2022_05_16_batch_0-job7132-0",46385801.7138672,FALSE,210
"2022_05_16_cross_continental_endemic-2022_05_16_batch_0-job634-0",46396545.0803976,FALSE,211
"2022_05_16_cross_continental_endemic-2022_05_16_batch_0-job7280-0",46430951.8527832,FALSE,212
"2022_05_16_cross_continental_endemic-2022_05_16_batch_0-job9982-0",46450578.5571289,FALSE,213
"2022_05_16_cross_continental_endemic-2022_05_16_batch_0-job2620-0",46454411.4863281,FALSE,214
"2022_05_16_cross_continental_endemic-2022_05_16_batch_0-job7183-0",46495515.4077148,FALSE,215
"2022_05_16_cross_continental_endemic-2022_05_16_batch_0-job3226-0",46591160.4594727,FALSE,216
"2022_05_16_cross_continental_endemic-2022_05_16_batch_0-job9044-0",46594426.7326953,FALSE,217
"2022_05_16_cross_continental_endemic-2022_05_16_batch_0-job4046-0",46674033.2451172,FALSE,218
"2022_05_16_cross_continental_endemic-2022_05_16_batch_0-job6113-0",46675342.8111213,FALSE,219
"2022_05_16_cross_continental_endemic-2022_05_16_batch_0-job5615-0",46694167.466935,FALSE,220
"2022_05_16_cross_continental_endemic-2022_05_16_batch_0-job6871-0",46700014.1699219,FALSE,221
"2022_05_16_cross_continental_endemic-2022_05_16_batch_0-job8041-0",46701714.1410639,FALSE,222
"2022_05_16_cross_continental_endemic-2022_05_16_batch_0-job9593-0",46708023.6468811,FALSE,223
"2022_05_16_cross_continental_endemic-2022_05_16_batch_0-job2312-0",46741101.0673828,FALSE,224
"2022_05_16_cross_continental_endemic-2022_05_16_batch_0-job8824-0",46742798.9838867,FALSE,225
"2022_05_16_cross_continental_endemic-2022_05_16_batch_0-job7591-0",46811641.3139758,FALSE,226
"2022_05_16_cross_continental_endemic-2022_05_16_batch_0-job7515-0",46912633.7114258,FALSE,227
"2022_05_16_cross_continental_endemic-2022_05_16_batch_0-job4211-0",46989207.7709227,FALSE,228
"2022_05_16_cross_continental_endemic-2022_05_16_batch_0-job683-0",47008240.401875,FALSE,229
"2022_05_16_cross_continental_endemic-2022_05_16_batch_0-job3662-0",47333285.4812775,FALSE,230
"2022_05_16_cross_continental_endemic-2022_05_16_batch_0-job7462-0",47362068.9188901,FALSE,231
"2022_05_16_cross_continental_endemic-2022_05_16_batch_0-job54-0",47956937.2534887,TRUE,232
"2022_05_16_cross_continental_endemic-2022_05_16_batch_0-job6343-0",48180999.3568913,FALSE,233
"2022_05_16_cross_continental_endemic-2022_05_16_batch_0-job196-0",48403676.5507476,TRUE,234
"2022_05_16_cross_continental_endemic-2022_05_16_batch_0-job9199-0",48716493.3218403,TRUE,235
"2022_05_16_cross_continental_endemic-2022_05_16_batch_0-job9052-0",48738914.1816406,TRUE,236
"2022_05_16_cross_continental_endemic-2022_05_16_batch_0-job3016-0",54840308.5280762,TRUE,237
"2022_05_16_cross_continental_endemic-2022_05_16_batch_0-job7315-0",59251924.318696,TRUE,238
"2022_05_16_cross_continental_endemic-2022_05_16_batch_0-job1205-0",62260704.9476919,TRUE,239
"2022_05_16_cross_continental_endemic-2022_05_16_batch_0-job1107-0",63878399.8542434,TRUE,240
"2022_05_16_cross_continental_endemic-2022_05_16_batch_0-job323-0",64594292.8304332,TRUE,241
"2022_05_16_cross_continental_endemic-2022_05_16_batch_0-job6617-0",65661265.4599074,TRUE,242
"2022_05_16_cross_continental_endemic-2022_05_16_batch_0-job4106-0",69992225.018034,TRUE,243
"2022_05_16_cross_continental_endemic-2022_05_16_batch_0-job1526-0",72157940.3093662,TRUE,244
"2022_05_16_cross_continental_endemic-2022_05_16_batch_0-job2871-0",75980869.2836075,TRUE,245
"2022_05_16_cross_continental_endemic-2022_05_16_batch_0-job7718-0",81092967.7818387,TRUE,246
"2022_05_16_cross_continental_endemic-2022_05_16_batch_0-job5641-0",83431199.3506829,TRUE,247
"2022_05_16_cross_continental_endemic-2022_05_16_batch_0-job8849-0",83537566.5712918,TRUE,248
"2022_05_16_cross_continental_endemic-2022_05_16_batch_0-job4362-0",83872833.2008802,TRUE,249
"2022_05_16_cross_continental_endemic-2022_05_16_batch_0-job2096-0",84387826.7691935,TRUE,250
"2022_05_16_cross_continental_endemic-2022_05_16_batch_0-job9332-0",88125095.0784885,TRUE,251
"2022_05_16_cross_continental_endemic-2022_05_16_batch_0-job6851-0",88566067.5349579,TRUE,252
"2022_05_16_cross_continental_endemic-2022_05_16_batch_0-job2051-0",89685503.5329798,TRUE,253
"2022_05_16_cross_continental_endemic-2022_05_16_batch_0-job353-0",91797792.1184934,TRUE,254
"2022_05_16_cross_continental_endemic-2022_05_16_batch_0-job1748-0",93741689.9158205,TRUE,255
"2022_05_16_cross_continental_endemic-2022_05_16_batch_0-job9032-0",93993358.9783981,TRUE,256
"2022_05_16_cross_continental_endemic-2022_05_16_batch_0-job2490-0",94820727.4069499,TRUE,257
"2022_05_16_cross_continental_endemic-2022_05_16_batch_0-job4531-0",95009628.0114535,TRUE,258
"2022_05_16_cross_continental_endemic-2022_05_16_batch_0-job4711-0",95117182.015401,TRUE,259
"2022_05_16_cross_continental_endemic-2022_05_16_batch_0-job7685-0",95747042.1077881,TRUE,260
"2022_05_16_cross_continental_endemic-2022_05_16_batch_0-job8554-0",96145533.8308518,TRUE,261
"2022_05_16_cross_continental_endemic-2022_05_16_batch_0-job1455-0",98029737.7605966,TRUE,262
"2022_05_16_cross_continental_endemic-2022_05_16_batch_0-job3183-0",98479044.8061899,TRUE,263
"2022_05_16_cross_continental_endemic-2022_05_16_batch_0-job5367-0",98754070.8122559,TRUE,264
"2022_05_16_cross_continental_endemic-2022_05_16_batch_0-job8326-0",98862480.4405746,TRUE,265
"2022_05_16_cross_continental_endemic-2022_05_16_batch_0-job9145-0",99958563.118374,TRUE,266
"2022_05_16_cross_continental_endemic-2022_05_16_batch_0-job2825-0",101324556.024136,TRUE,267
"2022_05_16_cross_continental_endemic-2022_05_16_batch_0-job3748-0",102101523.816956,TRUE,268
"2022_05_16_cross_continental_endemic-2022_05_16_batch_0-job4267-0",102530777.929048,TRUE,269
"2022_05_16_cross_continental_endemic-2022_05_16_batch_0-job497-0",105544197.888059,TRUE,270
"2022_05_16_cross_continental_endemic-2022_05_16_batch_0-job3656-0",106622108.18367,TRUE,271
"2022_05_16_cross_continental_endemic-2022_05_16_batch_0-job4216-0",108787823.171911,TRUE,272
"2022_05_16_cross_continental_endemic-2022_05_16_batch_0-job2687-0",109193177.674717,TRUE,273
"2022_05_16_cross_continental_endemic-2022_05_16_batch_0-job7671-0",109742703.106583,TRUE,274
"2022_05_16_cross_continental_endemic-2022_05_16_batch_0-job6042-0",109914491.170627,TRUE,275
"2022_05_16_cross_continental_endemic-2022_05_16_batch_0-job2520-0",110048919.60621,TRUE,276
"2022_05_16_cross_continental_endemic-2022_05_16_batch_0-job9214-0",110135482.0833,TRUE,277
"2022_05_16_cross_continental_endemic-2022_05_16_batch_0-job1823-0",110938395.422534,TRUE,278
"2022_05_16_cross_continental_endemic-2022_05_16_batch_0-job7877-0",111871044.305873,TRUE,279
"2022_05_16_cross_continental_endemic-2022_05_16_batch_0-job2125-0",111998057.493438,TRUE,280
"2022_05_16_cross_continental_endemic-2022_05_16_batch_0-job2600-0",112014235.399202,TRUE,281
"2022_05_16_cross_continental_endemic-2022_05_16_batch_0-job227-0",113131364.375326,TRUE,282
"2022_05_16_cross_continental_endemic-2022_05_16_batch_0-job7562-0",114060796.537574,TRUE,283
"2022_05_16_cross_continental_endemic-2022_05_16_batch_0-job1216-0",114219282.408367,TRUE,284
"2022_05_16_cross_continental_endemic-2022_05_16_batch_0-job8107-0",114382358.138504,TRUE,285
"2022_05_16_cross_continental_endemic-2022_05_16_batch_0-job2396-0",115171777.059202,TRUE,286
"2022_05_16_cross_continental_endemic-2022_05_16_batch_0-job6275-0",115241873.619333,TRUE,287
"2022_05_16_cross_continental_endemic-2022_05_16_batch_0-job3063-0",117423742.371717,TRUE,288
"2022_05_16_cross_continental_endemic-2022_05_16_batch_0-job8836-0",118554417.986431,TRUE,289
"2022_05_16_cross_continental_endemic-2022_05_16_batch_0-job7630-0",119179700.108175,TRUE,290
"2022_05_16_cross_continental_endemic-2022_05_16_batch_0-job3991-0",120460344.110401,TRUE,291
"2022_05_16_cross_continental_endemic-2022_05_16_batch_0-job5622-0",121059250.59956,TRUE,292
"2022_05_16_cross_continental_endemic-2022_05_16_batch_0-job92-0",121201760.038856,TRUE,293
"2022_05_16_cross_continental_endemic-2022_05_16_batch_0-job4214-0",121224472.968758,TRUE,294
"2022_05_16_cross_continental_endemic-2022_05_16_batch_0-job5289-0",121266051.25756,TRUE,295
"2022_05_16_cross_continental_endemic-2022_05_16_batch_0-job1428-0",121292143.900708,TRUE,296
"2022_05_16_cross_continental_endemic-2022_05_16_batch_0-job4671-0",121579649.421399,TRUE,297
"2022_05_16_cross_continental_endemic-2022_05_16_batch_0-job8071-0",121816770.767686,TRUE,298
"2022_05_16_cross_continental_endemic-2022_05_16_batch_0-job6106-0",122265628.333822,TRUE,299
"2022_05_16_cross_continental_endemic-2022_05_16_batch_0-job2611-0",122310806.665341,TRUE,300
"2022_05_16_cross_continental_endemic-2022_05_16_batch_0-job9191-0",122637733.708263,TRUE,301
"2022_05_16_cross_continental_endemic-2022_05_16_batch_0-job4358-0",122804247.201291,TRUE,302
"2022_05_16_cross_continental_endemic-2022_05_16_batch_0-job8414-0",123219491.619832,TRUE,303
"2022_05_16_cross_continental_endemic-2022_05_16_batch_0-job5991-0",123248189.299574,TRUE,304
"2022_05_16_cross_continental_endemic-2022_05_16_batch_0-job6000-0",123328791.955357,TRUE,305
"2022_05_16_cross_continental_endemic-2022_05_16_batch_0-job4461-0",123416705.651063,TRUE,306
"2022_05_16_cross_continental_endemic-2022_05_16_batch_0-job2530-0",123453560.889095,TRUE,307
"2022_05_16_cross_continental_endemic-2022_05_16_batch_0-job2132-0",123587372.758525,TRUE,308
"2022_05_16_cross_continental_endemic-2022_05_16_batch_0-job5034-0",123657667.813573,TRUE,309
"2022_05_16_cross_continental_endemic-2022_05_16_batch_0-job3210-0",123688062.597476,TRUE,310
"2022_05_16_cross_continental_endemic-2022_05_16_batch_0-job6207-0",123842010.858871,TRUE,311
"2022_05_16_cross_continental_endemic-2022_05_16_batch_0-job3009-0",123977873.38533,TRUE,312
"2022_05_16_cross_continental_endemic-2022_05_16_batch_0-job5221-0",124218592.277508,TRUE,313
"2022_05_16_cross_continental_endemic-2022_05_16_batch_0-job4523-0",124359308.085978,TRUE,314
"2022_05_16_cross_continental_endemic-2022_05_16_batch_0-job4732-0",124557382.298219,TRUE,315
"2022_05_16_cross_continental_endemic-2022_05_16_batch_0-job3109-0",124751044.473791,TRUE,316
"2022_05_16_cross_continental_endemic-2022_05_16_batch_0-job1043-0",124815688.021569,TRUE,317
"2022_05_16_cross_continental_endemic-2022_05_16_batch_0-job197-0",124880360.21271,TRUE,318
"2022_05_16_cross_continental_endemic-2022_05_16_batch_0-job2964-0",125075755.735389,TRUE,319
"2022_05_16_cross_continental_endemic-2022_05_16_batch_0-job9733-0",125149790.019526,TRUE,320
"2022_05_16_cross_continental_endemic-2022_05_16_batch_0-job6029-0",125248788.771756,TRUE,321
"2022_05_16_cross_continental_endemic-2022_05_16_batch_0-job9185-0",125258621.754387,TRUE,322
"2022_05_16_cross_continental_endemic-2022_05_16_batch_0-job8058-0",125278704.221333,TRUE,323
"2022_05_16_cross_continental_endemic-2022_05_16_batch_0-job6425-0",125321217.81022,TRUE,324
"2022_05_16_cross_continental_endemic-2022_05_16_batch_0-job5459-0",125333172.036294,TRUE,325
"2022_05_16_cross_continental_endemic-2022_05_16_batch_0-job7609-0",125445117.864481,TRUE,326
"2022_05_16_cross_continental_endemic-2022_05_16_batch_0-job1885-0",125640847.359893,TRUE,327
"2022_05_16_cross_continental_endemic-2022_05_16_batch_0-job6556-0",125688749.970029,TRUE,328
"2022_05_16_cross_continental_endemic-2022_05_16_batch_0-job4702-0",125944336.219012,TRUE,329
"2022_05_16_cross_continental_endemic-2022_05_16_batch_0-job5591-0",125977857.705296,TRUE,330
"2022_05_16_cross_continental_endemic-2022_05_16_batch_0-job2453-0",125999623.261701,TRUE,331
"2022_05_16_cross_continental_endemic-2022_05_16_batch_0-job8882-0",126011079.023698,TRUE,332
"2022_05_16_cross_continental_endemic-2022_05_16_batch_0-job4169-0",126235252.807717,TRUE,333
"2022_05_16_cross_continental_endemic-2022_05_16_batch_0-job2551-0",126245203.209244,TRUE,334
"2022_05_16_cross_continental_endemic-2022_05_16_batch_0-job8902-0",126444389.220869,TRUE,335
"2022_05_16_cross_continental_endemic-2022_05_16_batch_0-job1666-0",126464812.364629,TRUE,336
"2022_05_16_cross_continental_endemic-2022_05_16_batch_0-job9031-0",126500612.988204,TRUE,337
"2022_05_16_cross_continental_endemic-2022_05_16_batch_0-job1881-0",126781115.798337,TRUE,338
"2022_05_16_cross_continental_endemic-2022_05_16_batch_0-job9346-0",127419723.423709,TRUE,339
"2022_05_16_cross_continental_endemic-2022_05_16_batch_0-job893-0",127584661.049597,TRUE,340
"2022_05_16_cross_continental_endemic-2022_05_16_batch_0-job3591-0",127728507.167031,TRUE,341
"2022_05_16_cross_continental_endemic-2022_05_16_batch_0-job8111-0",127742927.939727,TRUE,342
"2022_05_16_cross_continental_endemic-2022_05_16_batch_0-job600-0",127769005.890551,TRUE,343
"2022_05_16_cross_continental_endemic-2022_05_16_batch_0-job4131-0",127889268.085353,TRUE,344
"2022_05_16_cross_continental_endemic-2022_05_16_batch_0-job2033-0",127950689.282762,TRUE,345
"2022_05_16_cross_continental_endemic-2022_05_16_batch_0-job9131-0",127950843.304173,TRUE,346
"2022_05_16_cross_continental_endemic-2022_05_16_batch_0-job2359-0",127976715.784044,TRUE,347
"2022_05_16_cross_continental_endemic-2022_05_16_batch_0-job7549-0",128185776.469383,TRUE,348
"2022_05_16_cross_continental_endemic-2022_05_16_batch_0-job1673-0",128348098.902563,TRUE,349
"2022_05_16_cross_continental_endemic-2022_05_16_batch_0-job2172-0",128454254.115791,TRUE,350
"2022_05_16_cross_continental_endemic-2022_05_16_batch_0-job6382-0",128481977.632072,TRUE,351
"2022_05_16_cross_continental_endemic-2022_05_16_batch_0-job5040-0",128686685.398696,TRUE,352
"2022_05_16_cross_continental_endemic-2022_05_16_batch_0-job7533-0",128727481.896977,TRUE,353
"2022_05_16_cross_continental_endemic-2022_05_16_batch_0-job9919-0",128949984.154023,TRUE,354
"2022_05_16_cross_continental_endemic-2022_05_16_batch_0-job5540-0",128970974.988663,TRUE,355
"2022_05_16_cross_continental_endemic-2022_05_16_batch_0-job4542-0",129037004.499001,TRUE,356
"2022_05_16_cross_continental_endemic-2022_05_16_batch_0-job4771-0",129155153.173697,TRUE,357
"2022_05_16_cross_continental_endemic-2022_05_16_batch_0-job4854-0",129161186.058632,TRUE,358
"2022_05_16_cross_continental_endemic-2022_05_16_batch_0-job1761-0",129215320.268483,TRUE,359
"2022_05_16_cross_continental_endemic-2022_05_16_batch_0-job9525-0",129242969.498352,TRUE,360
"2022_05_16_cross_continental_endemic-2022_05_16_batch_0-job421-0",129358574.504947,TRUE,361
"2022_05_16_cross_continental_endemic-2022_05_16_batch_0-job9986-0",129406973.190597,TRUE,362
"2022_05_16_cross_continental_endemic-2022_05_16_batch_0-job5789-0",129528984.661501,TRUE,363
"2022_05_16_cross_continental_endemic-2022_05_16_batch_0-job1802-0",129627234.229911,TRUE,364
"2022_05_16_cross_continental_endemic-2022_05_16_batch_0-job1679-0",129855253.406836,TRUE,365
"2022_05_16_cross_continental_endemic-2022_05_16_batch_0-job6601-0",129871293.815782,TRUE,366
"2022_05_16_cross_continental_endemic-2022_05_16_batch_0-job9311-0",129892746.007773,TRUE,367
"2022_05_16_cross_continental_endemic-2022_05_16_batch_0-job9253-0",129942028.556017,TRUE,368
"2022_05_16_cross_continental_endemic-2022_05_16_batch_0-job5441-0",129965517.521479,TRUE,369
"2022_05_16_cross_continental_endemic-2022_05_16_batch_0-job6802-0",129999897.06826,TRUE,370
"2022_05_16_cross_continental_endemic-2022_05_16_batch_0-job9000-0",130152499.801068,TRUE,371
"2022_05_16_cross_continental_endemic-2022_05_16_batch_0-job2954-0",130248709.030991,TRUE,372
"2022_05_16_cross_continental_endemic-2022_05_16_batch_0-job8762-0",130299600.342136,TRUE,373
"2022_05_16_cross_continental_endemic-2022_05_16_batch_0-job9293-0",130370907.754298,TRUE,374
"2022_05_16_cross_continental_endemic-2022_05_16_batch_0-job292-0",130498205.273811,TRUE,375
"2022_05_16_cross_continental_endemic-2022_05_16_batch_0-job170-0",130584995.993333,TRUE,376
"2022_05_16_cross_continental_endemic-2022_05_16_batch_0-job6448-0",130771321.088447,TRUE,377
"2022_05_16_cross_continental_endemic-2022_05_16_batch_0-job9830-0",130951643.378594,TRUE,378
"2022_05_16_cross_continental_endemic-2022_05_16_batch_0-job163-0",131201897.973114,TRUE,379
"2022_05_16_cross_continental_endemic-2022_05_16_batch_0-job5845-0",131214835.246208,TRUE,380
"2022_05_16_cross_continental_endemic-2022_05_16_batch_0-job5316-0",131374880.683786,TRUE,381
"2022_05_16_cross_continental_endemic-2022_05_16_batch_0-job386-0",131411558.57121,TRUE,382
"2022_05_16_cross_continental_endemic-2022_05_16_batch_0-job917-0",131500256.713793,TRUE,383
"2022_05_16_cross_continental_endemic-2022_05_16_batch_0-job6007-0",131569622.572943,TRUE,384
"2022_05_16_cross_continental_endemic-2022_05_16_batch_0-job5089-0",131572877.637619,TRUE,385
"2022_05_16_cross_continental_endemic-2022_05_16_batch_0-job2354-0",131583249.142224,TRUE,386
"2022_05_16_cross_continental_endemic-2022_05_16_batch_0-job7610-0",131809367.754073,TRUE,387
"2022_05_16_cross_continental_endemic-2022_05_16_batch_0-job5252-0",131810698.759363,TRUE,388
"2022_05_16_cross_continental_endemic-2022_05_16_batch_0-job362-0",131867719.579994,TRUE,389
"2022_05_16_cross_continental_endemic-2022_05_16_batch_0-job3601-0",131933192.291857,TRUE,390
"2022_05_16_cross_continental_endemic-2022_05_16_batch_0-job977-0",131990169.371514,TRUE,391
"2022_05_16_cross_continental_endemic-2022_05_16_batch_0-job9610-0",132413404.710455,TRUE,392
"2022_05_16_cross_continental_endemic-2022_05_16_batch_0-job7786-0",132469179.109924,TRUE,393
"2022_05_16_cross_continental_endemic-2022_05_16_batch_0-job1838-0",132534177.443061,TRUE,394
"2022_05_16_cross_continental_endemic-2022_05_16_batch_0-job4390-0",132704216.980112,TRUE,395
"2022_05_16_cross_continental_endemic-2022_05_16_batch_0-job6822-0",132944408.891579,TRUE,396
"2022_05_16_cross_continental_endemic-2022_05_16_batch_0-job2587-0",132969509.198372,TRUE,397
"2022_05_16_cross_continental_endemic-2022_05_16_batch_0-job844-0",132974438.594339,TRUE,398
"2022_05_16_cross_continental_endemic-2022_05_16_batch_0-job5224-0",132977337.875965,TRUE,399
"2022_05_16_cross_continental_endemic-2022_05_16_batch_0-job7006-0",133060712.402727,TRUE,400
"2022_05_16_cross_continental_endemic-2022_05_16_batch_0-job9746-0",133107939.600721,TRUE,401
"2022_05_16_cross_continental_endemic-2022_05_16_batch_0-job2928-0",133140763.948249,TRUE,402
"2022_05_16_cross_continental_endemic-2022_05_16_batch_0-job873-0",133172902.849327,TRUE,403
"2022_05_16_cross_continental_endemic-2022_05_16_batch_0-job9407-0",133211982.239676,TRUE,404
"2022_05_16_cross_continental_endemic-2022_05_16_batch_0-job2810-0",133236105.753313,TRUE,405
"2022_05_16_cross_continental_endemic-2022_05_16_batch_0-job5879-0",133243828.395083,TRUE,406
"2022_05_16_cross_continental_endemic-2022_05_16_batch_0-job7866-0",133341253.845246,TRUE,407
"2022_05_16_cross_continental_endemic-2022_05_16_batch_0-job8954-0",133348510.337263,TRUE,408
"2022_05_16_cross_continental_endemic-2022_05_16_batch_0-job1295-0",133436257.748635,TRUE,409
"2022_05_16_cross_continental_endemic-2022_05_16_batch_0-job7400-0",133748339.572159,TRUE,410
"2022_05_16_cross_continental_endemic-2022_05_16_batch_0-job2173-0",133883465.092927,TRUE,411
"2022_05_16_cross_continental_endemic-2022_05_16_batch_0-job7772-0",134477003.945141,TRUE,412
"2022_05_16_cross_continental_endemic-2022_05_16_batch_0-job719-0",134534524.349613,TRUE,413
"2022_05_16_cross_continental_endemic-2022_05_16_batch_0-job3398-0",135216032.43426,TRUE,414
