"POLY_ID","raster_num_fields","raster_num_cells_populated","raster_prop_fields","raster_year","raster_type","job","batch","scenario","simKey","year_standardised"
"COG",168710.875,1328,0.115478461748247,2031,"INFECTIOUS","job1001","2022_05_16_batch_0","2022_05_16_cross_continental_endemic","2022_05_16_cross_continental_endemic-2022_05_16_batch_0-job1001-0",1
"COG",1.02192509174347,1,6.99482695567027e-07,2026,"INFECTIOUS","job1030","2022_05_16_batch_0","2022_05_16_cross_continental_endemic","2022_05_16_cross_continental_endemic-2022_05_16_batch_0-job1030-0",1
"COG",1558.09448242188,91,0.00106647751123636,2023,"INFECTIOUS","job1043","2022_05_16_batch_0","2022_05_16_cross_continental_endemic","2022_05_16_cross_continental_endemic-2022_05_16_batch_0-job1043-0",1
"COG",110891.3828125,621,0.075902435502889,2029,"INFECTIOUS","job1107","2022_05_16_batch_0","2022_05_16_cross_continental_endemic","2022_05_16_cross_continental_endemic-2022_05_16_batch_0-job1107-0",1
"COG",14528.287109375,292,0.00994425668901016,2036,"INFECTIOUS","job1122","2022_05_16_batch_0","2022_05_16_cross_continental_endemic","2022_05_16_cross_continental_endemic-2022_05_16_batch_0-job1122-0",1
"COG",10324.6533203125,96,0.00706697231884794,2027,"INFECTIOUS","job1139","2022_05_16_batch_0","2022_05_16_cross_continental_endemic","2022_05_16_cross_continental_endemic-2022_05_16_batch_0-job1139-0",1
"COG",4.14269638061523,4,2.83557420660332e-06,2032,"INFECTIOUS","job1168","2022_05_16_batch_0","2022_05_16_cross_continental_endemic","2022_05_16_cross_continental_endemic-2022_05_16_batch_0-job1168-0",1
"COG",20.8376846313477,3,1.4262884758455e-05,2039,"INFECTIOUS","job1189","2022_05_16_batch_0","2022_05_16_cross_continental_endemic","2022_05_16_cross_continental_endemic-2022_05_16_batch_0-job1189-0",1
"COG",11276.630859375,233,0.0077185776278111,2024,"INFECTIOUS","job1205","2022_05_16_batch_0","2022_05_16_cross_continental_endemic","2022_05_16_cross_continental_endemic-2022_05_16_batch_0-job1205-0",1
"COG",126240.03125,917,0.0864082094281154,2021,"INFECTIOUS","job1216","2022_05_16_batch_0","2022_05_16_cross_continental_endemic","2022_05_16_cross_continental_endemic-2022_05_16_batch_0-job1216-0",1
"COG",1606.60986328125,19,0.00109968510116067,2030,"INFECTIOUS","job123","2022_05_16_batch_0","2022_05_16_cross_continental_endemic","2022_05_16_cross_continental_endemic-2022_05_16_batch_0-job123-0",1
"COG",20021.46875,258,0.0137042049790246,2018,"INFECTIOUS","job1295","2022_05_16_batch_0","2022_05_16_cross_continental_endemic","2022_05_16_cross_continental_endemic-2022_05_16_batch_0-job1295-0",1
"COG",22418.92578125,364,0.0153452055966568,2040,"INFECTIOUS","job1297","2022_05_16_batch_0","2022_05_16_cross_continental_endemic","2022_05_16_cross_continental_endemic-2022_05_16_batch_0-job1297-0",1
"COG",176206.5625,1859,0.120609076252176,2030,"INFECTIOUS","job1311","2022_05_16_batch_0","2022_05_16_cross_continental_endemic","2022_05_16_cross_continental_endemic-2022_05_16_batch_0-job1311-0",1
"COG",130856.5390625,678,0.0895680959549102,2032,"INFECTIOUS","job1341","2022_05_16_batch_0","2022_05_16_cross_continental_endemic","2022_05_16_cross_continental_endemic-2022_05_16_batch_0-job1341-0",1
"COG",1.61353576183319,2,1.10442570908533e-06,2029,"INFECTIOUS","job1374","2022_05_16_batch_0","2022_05_16_cross_continental_endemic","2022_05_16_cross_continental_endemic-2022_05_16_batch_0-job1374-0",1
"COG",27.1137065887451,12,1.85586680714067e-05,2035,"INFECTIOUS","job1424","2022_05_16_batch_0","2022_05_16_cross_continental_endemic","2022_05_16_cross_continental_endemic-2022_05_16_batch_0-job1424-0",1
"COG",80417.1640625,515,0.0550435791652073,2022,"INFECTIOUS","job1428","2022_05_16_batch_0","2022_05_16_cross_continental_endemic","2022_05_16_cross_continental_endemic-2022_05_16_batch_0-job1428-0",1
"COG",430.861999511719,7,0.000294914485680826,2028,"INFECTIOUS","job1440","2022_05_16_batch_0","2022_05_16_cross_continental_endemic","2022_05_16_cross_continental_endemic-2022_05_16_batch_0-job1440-0",1
"COG",5.24494123458862,4,3.59003381216679e-06,2030,"INFECTIOUS","job1455","2022_05_16_batch_0","2022_05_16_cross_continental_endemic","2022_05_16_cross_continental_endemic-2022_05_16_batch_0-job1455-0",1
"COG",5113.13623046875,51,0.0034998165151106,2024,"INFECTIOUS","job1488","2022_05_16_batch_0","2022_05_16_cross_continental_endemic","2022_05_16_cross_continental_endemic-2022_05_16_batch_0-job1488-0",1
"COG",4.02558898925781,1,2.75541706549842e-06,2033,"INFECTIOUS","job1521","2022_05_16_batch_0","2022_05_16_cross_continental_endemic","2022_05_16_cross_continental_endemic-2022_05_16_batch_0-job1521-0",1
"COG",2.62593245506287,3,1.79738644924612e-06,2041,"INFECTIOUS","job1523","2022_05_16_batch_0","2022_05_16_cross_continental_endemic","2022_05_16_cross_continental_endemic-2022_05_16_batch_0-job1523-0",1
"COG",49.238109588623,18,3.37022800378801e-05,2031,"INFECTIOUS","job1526","2022_05_16_batch_0","2022_05_16_cross_continental_endemic","2022_05_16_cross_continental_endemic-2022_05_16_batch_0-job1526-0",1
"COG",58.5011825561523,9,4.00426266062448e-05,2018,"INFECTIOUS","job163","2022_05_16_batch_0","2022_05_16_cross_continental_endemic","2022_05_16_cross_continental_endemic-2022_05_16_batch_0-job163-0",1
"COG",8.03355503082275,8,5.49877165493511e-06,2036,"INFECTIOUS","job1646","2022_05_16_batch_0","2022_05_16_cross_continental_endemic","2022_05_16_cross_continental_endemic-2022_05_16_batch_0-job1646-0",1
"COG",1544.46887207031,100,0.00105715111467906,2021,"INFECTIOUS","job1666","2022_05_16_batch_0","2022_05_16_cross_continental_endemic","2022_05_16_cross_continental_endemic-2022_05_16_batch_0-job1666-0",1
"COG",159993.828125,1480,0.109511856666551,2024,"INFECTIOUS","job1673","2022_05_16_batch_0","2022_05_16_cross_continental_endemic","2022_05_16_cross_continental_endemic-2022_05_16_batch_0-job1673-0",1
"COG",149421.71875,1167,0.102275506739143,2021,"INFECTIOUS","job1679","2022_05_16_batch_0","2022_05_16_cross_continental_endemic","2022_05_16_cross_continental_endemic-2022_05_16_batch_0-job1679-0",1
"COG",151229.0625,1155,0.103512589269242,2025,"INFECTIOUS","job17","2022_05_16_batch_0","2022_05_16_cross_continental_endemic","2022_05_16_cross_continental_endemic-2022_05_16_batch_0-job17-0",1
"COG",15.2943601608276,12,1.04686149295121e-05,2022,"INFECTIOUS","job170","2022_05_16_batch_0","2022_05_16_cross_continental_endemic","2022_05_16_cross_continental_endemic-2022_05_16_batch_0-job170-0",1
"COG",19149.888671875,216,0.0131076297629201,2030,"INFECTIOUS","job1746","2022_05_16_batch_0","2022_05_16_cross_continental_endemic","2022_05_16_cross_continental_endemic-2022_05_16_batch_0-job1746-0",1
"COG",14.0264701843262,7,9.60077529467874e-06,2024,"INFECTIOUS","job1748","2022_05_16_batch_0","2022_05_16_cross_continental_endemic","2022_05_16_cross_continental_endemic-2022_05_16_batch_0-job1748-0",1
"COG",14502.9560546875,463,0.00992691820250315,2021,"INFECTIOUS","job1761","2022_05_16_batch_0","2022_05_16_cross_continental_endemic","2022_05_16_cross_continental_endemic-2022_05_16_batch_0-job1761-0",1
"COG",2959.14794921875,30,0.00202546429363999,2019,"INFECTIOUS","job1802","2022_05_16_batch_0","2022_05_16_cross_continental_endemic","2022_05_16_cross_continental_endemic-2022_05_16_batch_0-job1802-0",1
"COG",2.07766723632812,2,1.42211233553203e-06,2023,"INFECTIOUS","job1811","2022_05_16_batch_0","2022_05_16_cross_continental_endemic","2022_05_16_cross_continental_endemic-2022_05_16_batch_0-job1811-0",1
"COG",69598.7421875,495,0.0476386343644137,2026,"INFECTIOUS","job1823","2022_05_16_batch_0","2022_05_16_cross_continental_endemic","2022_05_16_cross_continental_endemic-2022_05_16_batch_0-job1823-0",1
"COG",144798.34375,1369,0.0991109197907002,2022,"INFECTIOUS","job1838","2022_05_16_batch_0","2022_05_16_cross_continental_endemic","2022_05_16_cross_continental_endemic-2022_05_16_batch_0-job1838-0",1
"COG",93445.453125,593,0.0639611239301728,2029,"INFECTIOUS","job1850","2022_05_16_batch_0","2022_05_16_cross_continental_endemic","2022_05_16_cross_continental_endemic-2022_05_16_batch_0-job1850-0",1
"COG",27566.052734375,526,0.0188682879289001,2025,"INFECTIOUS","job1881","2022_05_16_batch_0","2022_05_16_cross_continental_endemic","2022_05_16_cross_continental_endemic-2022_05_16_batch_0-job1881-0",1
"COG",85600.46875,540,0.0585914242705389,2023,"INFECTIOUS","job1885","2022_05_16_batch_0","2022_05_16_cross_continental_endemic","2022_05_16_cross_continental_endemic-2022_05_16_batch_0-job1885-0",1
"COG",1.48382151126862,2,1.01563948162949e-06,2022,"INFECTIOUS","job1907","2022_05_16_batch_0","2022_05_16_cross_continental_endemic","2022_05_16_cross_continental_endemic-2022_05_16_batch_0-job1907-0",1
"COG",167123.640625,1714,0.114392038694256,2024,"INFECTIOUS","job195","2022_05_16_batch_0","2022_05_16_cross_continental_endemic","2022_05_16_cross_continental_endemic-2022_05_16_batch_0-job195-0",1
"COG",16.1721057891846,12,1.10694103137391e-05,2022,"INFECTIOUS","job196","2022_05_16_batch_0","2022_05_16_cross_continental_endemic","2022_05_16_cross_continental_endemic-2022_05_16_batch_0-job196-0",1
"COG",103328.1875,669,0.070725613554754,2018,"INFECTIOUS","job197","2022_05_16_batch_0","2022_05_16_cross_continental_endemic","2022_05_16_cross_continental_endemic-2022_05_16_batch_0-job197-0",1
"COG",2757.46337890625,37,0.00188741614506603,2030,"INFECTIOUS","job1978","2022_05_16_batch_0","2022_05_16_cross_continental_endemic","2022_05_16_cross_continental_endemic-2022_05_16_batch_0-job1978-0",1
"COG",175342.34375,1862,0.120017539684874,2025,"INFECTIOUS","job2003","2022_05_16_batch_0","2022_05_16_cross_continental_endemic","2022_05_16_cross_continental_endemic-2022_05_16_batch_0-job2003-0",1
"COG",69127.9296875,371,0.0473163747396453,2035,"INFECTIOUS","job2021","2022_05_16_batch_0","2022_05_16_cross_continental_endemic","2022_05_16_cross_continental_endemic-2022_05_16_batch_0-job2021-0",1
"COG",214442.65625,1667,0.146780745917879,2023,"INFECTIOUS","job2033","2022_05_16_batch_0","2022_05_16_cross_continental_endemic","2022_05_16_cross_continental_endemic-2022_05_16_batch_0-job2033-0",1
"COG",160985.890625,1714,0.110190899149486,2024,"INFECTIOUS","job2051","2022_05_16_batch_0","2022_05_16_cross_continental_endemic","2022_05_16_cross_continental_endemic-2022_05_16_batch_0-job2051-0",1
"COG",1.11363625526428,1,7.62256740740614e-07,2032,"INFECTIOUS","job2061","2022_05_16_batch_0","2022_05_16_cross_continental_endemic","2022_05_16_cross_continental_endemic-2022_05_16_batch_0-job2061-0",1
"COG",182363.265625,2101,0.124823188746795,2027,"INFECTIOUS","job2063","2022_05_16_batch_0","2022_05_16_cross_continental_endemic","2022_05_16_cross_continental_endemic-2022_05_16_batch_0-job2063-0",1
"COG",168402.296875,1696,0.115267247579604,2025,"INFECTIOUS","job2065","2022_05_16_batch_0","2022_05_16_cross_continental_endemic","2022_05_16_cross_continental_endemic-2022_05_16_batch_0-job2065-0",1
"COG",158706.875,1742,0.108630968773479,2026,"INFECTIOUS","job2096","2022_05_16_batch_0","2022_05_16_cross_continental_endemic","2022_05_16_cross_continental_endemic-2022_05_16_batch_0-job2096-0",1
"COG",64266.03125,376,0.0439885243403234,2021,"INFECTIOUS","job2125","2022_05_16_batch_0","2022_05_16_cross_continental_endemic","2022_05_16_cross_continental_endemic-2022_05_16_batch_0-job2125-0",1
"COG",158643.171875,1323,0.108587365544679,2024,"INFECTIOUS","job2132","2022_05_16_batch_0","2022_05_16_cross_continental_endemic","2022_05_16_cross_continental_endemic-2022_05_16_batch_0-job2132-0",1
"COG",5.03065061569214,5,3.44335713209358e-06,2022,"INFECTIOUS","job2172","2022_05_16_batch_0","2022_05_16_cross_continental_endemic","2022_05_16_cross_continental_endemic-2022_05_16_batch_0-job2172-0",1
"COG",129529.1171875,1014,0.0886595081936531,2022,"INFECTIOUS","job2173","2022_05_16_batch_0","2022_05_16_cross_continental_endemic","2022_05_16_cross_continental_endemic-2022_05_16_batch_0-job2173-0",1
"COG",195480.78125,1965,0.13380180690839,2025,"INFECTIOUS","job2175","2022_05_16_batch_0","2022_05_16_cross_continental_endemic","2022_05_16_cross_continental_endemic-2022_05_16_batch_0-job2175-0",1
"COG",8.83394432067871,8,6.04661852012585e-06,2020,"INFECTIOUS","job2177","2022_05_16_batch_0","2022_05_16_cross_continental_endemic","2022_05_16_cross_continental_endemic-2022_05_16_batch_0-job2177-0",1
"COG",298.873229980469,12,0.000204571405701467,2025,"INFECTIOUS","job2260","2022_05_16_batch_0","2022_05_16_cross_continental_endemic","2022_05_16_cross_continental_endemic-2022_05_16_batch_0-job2260-0",1
"COG",3.067547082901,3,2.0996608456552e-06,2022,"INFECTIOUS","job227","2022_05_16_batch_0","2022_05_16_cross_continental_endemic","2022_05_16_cross_continental_endemic-2022_05_16_batch_0-job227-0",1
"COG",1.33636355400085,1,9.14708121527072e-07,2025,"INFECTIOUS","job2312","2022_05_16_batch_0","2022_05_16_cross_continental_endemic","2022_05_16_cross_continental_endemic-2022_05_16_batch_0-job2312-0",1
"COG",1.01042127609253,1,6.91608615513764e-07,2030,"INFECTIOUS","job2350","2022_05_16_batch_0","2022_05_16_cross_continental_endemic","2022_05_16_cross_continental_endemic-2022_05_16_batch_0-job2350-0",1
"COG",23.1127471923828,6,1.58201093589994e-05,2022,"INFECTIOUS","job2354","2022_05_16_batch_0","2022_05_16_cross_continental_endemic","2022_05_16_cross_continental_endemic-2022_05_16_batch_0-job2354-0",1
"COG",7.47766065597534,5,5.11827557072072e-06,2022,"INFECTIOUS","job2359","2022_05_16_batch_0","2022_05_16_cross_continental_endemic","2022_05_16_cross_continental_endemic-2022_05_16_batch_0-job2359-0",1
"COG",136365.4375,845,0.0933388020074383,2024,"INFECTIOUS","job2396","2022_05_16_batch_0","2022_05_16_cross_continental_endemic","2022_05_16_cross_continental_endemic-2022_05_16_batch_0-job2396-0",1
"COG",85883.7421875,384,0.058785318000369,2026,"INFECTIOUS","job2423","2022_05_16_batch_0","2022_05_16_cross_continental_endemic","2022_05_16_cross_continental_endemic-2022_05_16_batch_0-job2423-0",1
"COG",445.443634033203,10,0.000304895257366801,2019,"INFECTIOUS","job2453","2022_05_16_batch_0","2022_05_16_cross_continental_endemic","2022_05_16_cross_continental_endemic-2022_05_16_batch_0-job2453-0",1
"COG",107462.8359375,698,0.073555679141411,2022,"INFECTIOUS","job2490","2022_05_16_batch_0","2022_05_16_cross_continental_endemic","2022_05_16_cross_continental_endemic-2022_05_16_batch_0-job2490-0",1
"COG",164843.25,1103,0.112831167164427,2033,"INFECTIOUS","job2509","2022_05_16_batch_0","2022_05_16_cross_continental_endemic","2022_05_16_cross_continental_endemic-2022_05_16_batch_0-job2509-0",1
"COG",168141.9375,1878,0.115089037964327,2022,"INFECTIOUS","job2520","2022_05_16_batch_0","2022_05_16_cross_continental_endemic","2022_05_16_cross_continental_endemic-2022_05_16_batch_0-job2520-0",1
"COG",0.392562061548233,1,2.6869911621471e-07,2025,"INFECTIOUS","job2530","2022_05_16_batch_0","2022_05_16_cross_continental_endemic","2022_05_16_cross_continental_endemic-2022_05_16_batch_0-job2530-0",1
"COG",47275.25390625,302,0.0323587533989824,2023,"INFECTIOUS","job2551","2022_05_16_batch_0","2022_05_16_cross_continental_endemic","2022_05_16_cross_continental_endemic-2022_05_16_batch_0-job2551-0",1
"COG",0.574141919612885,1,3.92986081674234e-07,2029,"INFECTIOUS","job2560","2022_05_16_batch_0","2022_05_16_cross_continental_endemic","2022_05_16_cross_continental_endemic-2022_05_16_batch_0-job2560-0",1
"COG",1100.22412109375,40,0.000753076463400613,2031,"INFECTIOUS","job2562","2022_05_16_batch_0","2022_05_16_cross_continental_endemic","2022_05_16_cross_continental_endemic-2022_05_16_batch_0-job2562-0",1
"COG",311.355682373047,39,0.000213115338634899,2025,"INFECTIOUS","job2576","2022_05_16_batch_0","2022_05_16_cross_continental_endemic","2022_05_16_cross_continental_endemic-2022_05_16_batch_0-job2576-0",1
"COG",174531.78125,2051,0.119462729506509,2018,"INFECTIOUS","job2587","2022_05_16_batch_0","2022_05_16_cross_continental_endemic","2022_05_16_cross_continental_endemic-2022_05_16_batch_0-job2587-0",1
"COG",24558.94140625,303,0.0168099938771527,2029,"INFECTIOUS","job2600","2022_05_16_batch_0","2022_05_16_cross_continental_endemic","2022_05_16_cross_continental_endemic-2022_05_16_batch_0-job2600-0",1
"COG",38.3253288269043,9,2.62327488902339e-05,2019,"INFECTIOUS","job2611","2022_05_16_batch_0","2022_05_16_cross_continental_endemic","2022_05_16_cross_continental_endemic-2022_05_16_batch_0-job2611-0",1
"COG",139307.9375,1055,0.0953528711875917,2023,"INFECTIOUS","job2620","2022_05_16_batch_0","2022_05_16_cross_continental_endemic","2022_05_16_cross_continental_endemic-2022_05_16_batch_0-job2620-0",1
"COG",408.30224609375,26,0.000279472887016088,2031,"INFECTIOUS","job2628","2022_05_16_batch_0","2022_05_16_cross_continental_endemic","2022_05_16_cross_continental_endemic-2022_05_16_batch_0-job2628-0",1
"COG",139924.8125,1131,0.0957751070161413,2029,"INFECTIOUS","job2647","2022_05_16_batch_0","2022_05_16_cross_continental_endemic","2022_05_16_cross_continental_endemic-2022_05_16_batch_0-job2647-0",1
"COG",35225.6875,585,0.024111120320634,2019,"INFECTIOUS","job2687","2022_05_16_batch_0","2022_05_16_cross_continental_endemic","2022_05_16_cross_continental_endemic-2022_05_16_batch_0-job2687-0",1
"COG",2380.33740234375,130,0.00162928265095225,2023,"INFECTIOUS","job27","2022_05_16_batch_0","2022_05_16_cross_continental_endemic","2022_05_16_cross_continental_endemic-2022_05_16_batch_0-job27-0",1
"COG",102472.3046875,517,0.0701397827325011,2028,"INFECTIOUS","job2741","2022_05_16_batch_0","2022_05_16_cross_continental_endemic","2022_05_16_cross_continental_endemic-2022_05_16_batch_0-job2741-0",1
"COG",90021.4453125,378,0.0616174744458021,2045,"INFECTIOUS","job2784","2022_05_16_batch_0","2022_05_16_cross_continental_endemic","2022_05_16_cross_continental_endemic-2022_05_16_batch_0-job2784-0",1
"COG",139801.671875,1084,0.0956908202743784,2028,"INFECTIOUS","job2790","2022_05_16_batch_0","2022_05_16_cross_continental_endemic","2022_05_16_cross_continental_endemic-2022_05_16_batch_0-job2790-0",1
"COG",0.968894958496094,3,6.63184868211728e-07,2033,"INFECTIOUS","job2792","2022_05_16_batch_0","2022_05_16_cross_continental_endemic","2022_05_16_cross_continental_endemic-2022_05_16_batch_0-job2792-0",1
"COG",135613.9375,1076,0.092824418663722,2022,"INFECTIOUS","job2810","2022_05_16_batch_0","2022_05_16_cross_continental_endemic","2022_05_16_cross_continental_endemic-2022_05_16_batch_0-job2810-0",1
"COG",207903.828125,2664,0.142305078220043,2023,"INFECTIOUS","job2825","2022_05_16_batch_0","2022_05_16_cross_continental_endemic","2022_05_16_cross_continental_endemic-2022_05_16_batch_0-job2825-0",1
"COG",15528.58984375,226,0.0106289394105489,2029,"INFECTIOUS","job2861","2022_05_16_batch_0","2022_05_16_cross_continental_endemic","2022_05_16_cross_continental_endemic-2022_05_16_batch_0-job2861-0",1
"COG",6.0941367149353,5,4.17128731935177e-06,2025,"INFECTIOUS","job2871","2022_05_16_batch_0","2022_05_16_cross_continental_endemic","2022_05_16_cross_continental_endemic-2022_05_16_batch_0-job2871-0",1
"COG",2529.95458984375,27,0.0017316919512632,2022,"INFECTIOUS","job2898","2022_05_16_batch_0","2022_05_16_cross_continental_endemic","2022_05_16_cross_continental_endemic-2022_05_16_batch_0-job2898-0",1
"COG",67985.296875,723,0.0465342705656816,2027,"INFECTIOUS","job2899","2022_05_16_batch_0","2022_05_16_cross_continental_endemic","2022_05_16_cross_continental_endemic-2022_05_16_batch_0-job2899-0",1
"COG",143162.140625,908,0.0979909788267127,2027,"INFECTIOUS","job2918","2022_05_16_batch_0","2022_05_16_cross_continental_endemic","2022_05_16_cross_continental_endemic-2022_05_16_batch_0-job2918-0",1
"COG",7.20551776885986,7,4.93200043001138e-06,2023,"INFECTIOUS","job292","2022_05_16_batch_0","2022_05_16_cross_continental_endemic","2022_05_16_cross_continental_endemic-2022_05_16_batch_0-job292-0",1
"COG",105628.203125,587,0.0722999179164138,2020,"INFECTIOUS","job2928","2022_05_16_batch_0","2022_05_16_cross_continental_endemic","2022_05_16_cross_continental_endemic-2022_05_16_batch_0-job2928-0",1
"COG",172258.15625,1655,0.117906488881284,2026,"INFECTIOUS","job2934","2022_05_16_batch_0","2022_05_16_cross_continental_endemic","2022_05_16_cross_continental_endemic-2022_05_16_batch_0-job2934-0",1
"COG",111816.953125,705,0.076535965712055,2022,"INFECTIOUS","job2954","2022_05_16_batch_0","2022_05_16_cross_continental_endemic","2022_05_16_cross_continental_endemic-2022_05_16_batch_0-job2954-0",1
"COG",9238.76953125,338,0.0063237114614889,2020,"INFECTIOUS","job2964","2022_05_16_batch_0","2022_05_16_cross_continental_endemic","2022_05_16_cross_continental_endemic-2022_05_16_batch_0-job2964-0",1
"COG",11.0350542068481,9,7.55322432602725e-06,2022,"INFECTIOUS","job3008","2022_05_16_batch_0","2022_05_16_cross_continental_endemic","2022_05_16_cross_continental_endemic-2022_05_16_batch_0-job3008-0",1
"COG",103480.0078125,567,0.070829530840167,2025,"INFECTIOUS","job3009","2022_05_16_batch_0","2022_05_16_cross_continental_endemic","2022_05_16_cross_continental_endemic-2022_05_16_batch_0-job3009-0",1
"COG",42.1630706787109,4,2.88595891910355e-05,2020,"INFECTIOUS","job3016","2022_05_16_batch_0","2022_05_16_cross_continental_endemic","2022_05_16_cross_continental_endemic-2022_05_16_batch_0-job3016-0",1
"COG",1.02827274799347,1,7.03827510798746e-07,2030,"INFECTIOUS","job304","2022_05_16_batch_0","2022_05_16_cross_continental_endemic","2022_05_16_cross_continental_endemic-2022_05_16_batch_0-job304-0",1
"COG",66.3628387451172,40,4.54237377141994e-05,2024,"INFECTIOUS","job3063","2022_05_16_batch_0","2022_05_16_cross_continental_endemic","2022_05_16_cross_continental_endemic-2022_05_16_batch_0-job3063-0",1
"COG",163484.734375,1439,0.111901296492865,2033,"INFECTIOUS","job3080","2022_05_16_batch_0","2022_05_16_cross_continental_endemic","2022_05_16_cross_continental_endemic-2022_05_16_batch_0-job3080-0",1
"COG",1.33636355400085,1,9.14708121527072e-07,2023,"INFECTIOUS","job3109","2022_05_16_batch_0","2022_05_16_cross_continental_endemic","2022_05_16_cross_continental_endemic-2022_05_16_batch_0-job3109-0",1
"COG",2341.40454101562,25,0.00160263406094506,2029,"INFECTIOUS","job3136","2022_05_16_batch_0","2022_05_16_cross_continental_endemic","2022_05_16_cross_continental_endemic-2022_05_16_batch_0-job3136-0",1
"COG",151184.828125,1084,0.103482311922975,2030,"INFECTIOUS","job3148","2022_05_16_batch_0","2022_05_16_cross_continental_endemic","2022_05_16_cross_continental_endemic-2022_05_16_batch_0-job3148-0",1
"COG",64734.42578125,385,0.044309128924705,2030,"INFECTIOUS","job3162","2022_05_16_batch_0","2022_05_16_cross_continental_endemic","2022_05_16_cross_continental_endemic-2022_05_16_batch_0-job3162-0",1
"COG",121731.8125,896,0.0833224441123075,2022,"INFECTIOUS","job3183","2022_05_16_batch_0","2022_05_16_cross_continental_endemic","2022_05_16_cross_continental_endemic-2022_05_16_batch_0-job3183-0",1
"COG",126072.109375,825,0.0862932710175424,2021,"INFECTIOUS","job3210","2022_05_16_batch_0","2022_05_16_cross_continental_endemic","2022_05_16_cross_continental_endemic-2022_05_16_batch_0-job3210-0",1
"COG",10619.4833984375,350,0.00726877628613215,2022,"INFECTIOUS","job3226","2022_05_16_batch_0","2022_05_16_cross_continental_endemic","2022_05_16_cross_continental_endemic-2022_05_16_batch_0-job3226-0",1
"COG",7.14678430557251,5,4.89179881293381e-06,2026,"INFECTIOUS","job323","2022_05_16_batch_0","2022_05_16_cross_continental_endemic","2022_05_16_cross_continental_endemic-2022_05_16_batch_0-job323-0",1
"COG",123492.484375,724,0.084527580887091,2032,"INFECTIOUS","job3272","2022_05_16_batch_0","2022_05_16_cross_continental_endemic","2022_05_16_cross_continental_endemic-2022_05_16_batch_0-job3272-0",1
"COG",3705.46630859375,126,0.00253630093126101,2027,"INFECTIOUS","job3328","2022_05_16_batch_0","2022_05_16_cross_continental_endemic","2022_05_16_cross_continental_endemic-2022_05_16_batch_0-job3328-0",1
"COG",1939.01513671875,22,0.00132720836931732,2019,"INFECTIOUS","job3398","2022_05_16_batch_0","2022_05_16_cross_continental_endemic","2022_05_16_cross_continental_endemic-2022_05_16_batch_0-job3398-0",1
"COG",0.574141919612885,1,3.92986081674234e-07,2021,"INFECTIOUS","job340","2022_05_16_batch_0","2022_05_16_cross_continental_endemic","2022_05_16_cross_continental_endemic-2022_05_16_batch_0-job340-0",1
"COG",144623.90625,1188,0.0989915215944001,2030,"INFECTIOUS","job3461","2022_05_16_batch_0","2022_05_16_cross_continental_endemic","2022_05_16_cross_continental_endemic-2022_05_16_batch_0-job3461-0",1
"COG",135390.28125,1293,0.0926713314385483,2034,"INFECTIOUS","job3500","2022_05_16_batch_0","2022_05_16_cross_continental_endemic","2022_05_16_cross_continental_endemic-2022_05_16_batch_0-job3500-0",1
"COG",23035.98828125,247,0.015767569764364,2022,"INFECTIOUS","job3514","2022_05_16_batch_0","2022_05_16_cross_continental_endemic","2022_05_16_cross_continental_endemic-2022_05_16_batch_0-job3514-0",1
"COG",197746.84375,2219,0.135352871187592,2030,"INFECTIOUS","job353","2022_05_16_batch_0","2022_05_16_cross_continental_endemic","2022_05_16_cross_continental_endemic-2022_05_16_batch_0-job353-0",1
"COG",45972.4609375,243,0.0314670235208244,2031,"INFECTIOUS","job3546","2022_05_16_batch_0","2022_05_16_cross_continental_endemic","2022_05_16_cross_continental_endemic-2022_05_16_batch_0-job3546-0",1
"COG",110613.3203125,666,0.0757121085321476,2028,"INFECTIOUS","job3550","2022_05_16_batch_0","2022_05_16_cross_continental_endemic","2022_05_16_cross_continental_endemic-2022_05_16_batch_0-job3550-0",1
"COG",165091.90625,1628,0.113001366277282,2024,"INFECTIOUS","job3591","2022_05_16_batch_0","2022_05_16_cross_continental_endemic","2022_05_16_cross_continental_endemic-2022_05_16_batch_0-job3591-0",1
"COG",23.2369575500488,9,1.59051283065715e-05,2020,"INFECTIOUS","job3601","2022_05_16_batch_0","2022_05_16_cross_continental_endemic","2022_05_16_cross_continental_endemic-2022_05_16_batch_0-job3601-0",1
"COG",105461.890625,600,0.0721860810836103,2023,"INFECTIOUS","job362","2022_05_16_batch_0","2022_05_16_cross_continental_endemic","2022_05_16_cross_continental_endemic-2022_05_16_batch_0-job362-0",1
"COG",19.0634059906006,10,1.30484344857844e-05,2024,"INFECTIOUS","job364","2022_05_16_batch_0","2022_05_16_cross_continental_endemic","2022_05_16_cross_continental_endemic-2022_05_16_batch_0-job364-0",1
"COG",434.725799560547,63,0.000297559162179252,2029,"INFECTIOUS","job3656","2022_05_16_batch_0","2022_05_16_cross_continental_endemic","2022_05_16_cross_continental_endemic-2022_05_16_batch_0-job3656-0",1
"COG",135780.234375,861,0.0929382448015957,2023,"INFECTIOUS","job3662","2022_05_16_batch_0","2022_05_16_cross_continental_endemic","2022_05_16_cross_continental_endemic-2022_05_16_batch_0-job3662-0",1
"COG",3790.62255859375,74,0.0025945882986773,2042,"INFECTIOUS","job3686","2022_05_16_batch_0","2022_05_16_cross_continental_endemic","2022_05_16_cross_continental_endemic-2022_05_16_batch_0-job3686-0",1
"COG",1.06909096240997,1,7.31766578817497e-07,2046,"INFECTIOUS","job3690","2022_05_16_batch_0","2022_05_16_cross_continental_endemic","2022_05_16_cross_continental_endemic-2022_05_16_batch_0-job3690-0",1
"COG",20.2666664123535,12,1.38720367733464e-05,2025,"INFECTIOUS","job3748","2022_05_16_batch_0","2022_05_16_cross_continental_endemic","2022_05_16_cross_continental_endemic-2022_05_16_batch_0-job3748-0",1
"COG",145655.53125,991,0.0996976436395916,2026,"INFECTIOUS","job3776","2022_05_16_batch_0","2022_05_16_cross_continental_endemic","2022_05_16_cross_continental_endemic-2022_05_16_batch_0-job3776-0",1
"COG",2.07836866378784,3,1.42259244544834e-06,2026,"INFECTIOUS","job3814","2022_05_16_batch_0","2022_05_16_cross_continental_endemic","2022_05_16_cross_continental_endemic-2022_05_16_batch_0-job3814-0",1
"COG",212.33723449707,9,0.000145339636295517,2026,"INFECTIOUS","job3859","2022_05_16_batch_0","2022_05_16_cross_continental_endemic","2022_05_16_cross_continental_endemic-2022_05_16_batch_0-job3859-0",1
"COG",25.8166904449463,10,1.76708922884376e-05,2018,"INFECTIOUS","job386","2022_05_16_batch_0","2022_05_16_cross_continental_endemic","2022_05_16_cross_continental_endemic-2022_05_16_batch_0-job386-0",1
"COG",6.66370391845703,6,4.56114211990888e-06,2029,"INFECTIOUS","job3914","2022_05_16_batch_0","2022_05_16_cross_continental_endemic","2022_05_16_cross_continental_endemic-2022_05_16_batch_0-job3914-0",1
"COG",161911.765625,1477,0.110824637909783,2031,"INFECTIOUS","job3917","2022_05_16_batch_0","2022_05_16_cross_continental_endemic","2022_05_16_cross_continental_endemic-2022_05_16_batch_0-job3917-0",1
"COG",5817.5263671875,97,0.00398195431125989,2030,"INFECTIOUS","job3923","2022_05_16_batch_0","2022_05_16_cross_continental_endemic","2022_05_16_cross_continental_endemic-2022_05_16_batch_0-job3923-0",1
"COG",151362.90625,1174,0.103604202037919,2031,"INFECTIOUS","job3967","2022_05_16_batch_0","2022_05_16_cross_continental_endemic","2022_05_16_cross_continental_endemic-2022_05_16_batch_0-job3967-0",1
"COG",1.02192509174347,1,6.99482695567027e-07,2024,"INFECTIOUS","job3991","2022_05_16_batch_0","2022_05_16_cross_continental_endemic","2022_05_16_cross_continental_endemic-2022_05_16_batch_0-job3991-0",1
"COG",3.07986545562744,3,2.10809247007592e-06,2030,"INFECTIOUS","job3993","2022_05_16_batch_0","2022_05_16_cross_continental_endemic","2022_05_16_cross_continental_endemic-2022_05_16_batch_0-job3993-0",1
"COG",92219.78125,1617,0.0631221815517808,2024,"INFECTIOUS","job4046","2022_05_16_batch_0","2022_05_16_cross_continental_endemic","2022_05_16_cross_continental_endemic-2022_05_16_batch_0-job4046-0",1
"COG",81773.046875,456,0.0559716477410971,2026,"INFECTIOUS","job4068","2022_05_16_batch_0","2022_05_16_cross_continental_endemic","2022_05_16_cross_continental_endemic-2022_05_16_batch_0-job4068-0",1
"COG",224.831817626953,16,0.000153891872421519,2029,"INFECTIOUS","job409","2022_05_16_batch_0","2022_05_16_cross_continental_endemic","2022_05_16_cross_continental_endemic-2022_05_16_batch_0-job409-0",1
"COG",148007.421875,822,0.101307455168191,2023,"INFECTIOUS","job4104","2022_05_16_batch_0","2022_05_16_cross_continental_endemic","2022_05_16_cross_continental_endemic-2022_05_16_batch_0-job4104-0",1
"COG",11929.3447265625,305,0.00816534428315896,2022,"INFECTIOUS","job4106","2022_05_16_batch_0","2022_05_16_cross_continental_endemic","2022_05_16_cross_continental_endemic-2022_05_16_batch_0-job4106-0",1
"COG",6.03328847885132,5,4.12963819209147e-06,2022,"INFECTIOUS","job4131","2022_05_16_batch_0","2022_05_16_cross_continental_endemic","2022_05_16_cross_continental_endemic-2022_05_16_batch_0-job4131-0",1
"COG",146341.53125,1380,0.100167193837581,2022,"INFECTIOUS","job4169","2022_05_16_batch_0","2022_05_16_cross_continental_endemic","2022_05_16_cross_continental_endemic-2022_05_16_batch_0-job4169-0",1
"COG",176250.078125,1446,0.120638861631672,2031,"INFECTIOUS","job4201","2022_05_16_batch_0","2022_05_16_cross_continental_endemic","2022_05_16_cross_continental_endemic-2022_05_16_batch_0-job4201-0",1
"COG",92990.140625,581,0.0636494736757672,2020,"INFECTIOUS","job421","2022_05_16_batch_0","2022_05_16_cross_continental_endemic","2022_05_16_cross_continental_endemic-2022_05_16_batch_0-job421-0",1
"COG",12898.9697265625,446,0.00882902884689941,2024,"INFECTIOUS","job4211","2022_05_16_batch_0","2022_05_16_cross_continental_endemic","2022_05_16_cross_continental_endemic-2022_05_16_batch_0-job4211-0",1
"COG",233.543563842773,37,0.000159854849331834,2029,"INFECTIOUS","job4213","2022_05_16_batch_0","2022_05_16_cross_continental_endemic","2022_05_16_cross_continental_endemic-2022_05_16_batch_0-job4213-0",1
"COG",8.13202285766602,4,5.56617047066381e-06,2024,"INFECTIOUS","job4214","2022_05_16_batch_0","2022_05_16_cross_continental_endemic","2022_05_16_cross_continental_endemic-2022_05_16_batch_0-job4214-0",1
"COG",32621.904296875,548,0.0223288944918438,2026,"INFECTIOUS","job4216","2022_05_16_batch_0","2022_05_16_cross_continental_endemic","2022_05_16_cross_continental_endemic-2022_05_16_batch_0-job4216-0",1
"COG",143056.859375,1156,0.0979189163897125,2022,"INFECTIOUS","job4267","2022_05_16_batch_0","2022_05_16_cross_continental_endemic","2022_05_16_cross_continental_endemic-2022_05_16_batch_0-job4267-0",1
"COG",54079.5,873,0.0370160931956183,2029,"INFECTIOUS","job4302","2022_05_16_batch_0","2022_05_16_cross_continental_endemic","2022_05_16_cross_continental_endemic-2022_05_16_batch_0-job4302-0",1
"COG",15.3063774108887,8,1.04768404428436e-05,2037,"INFECTIOUS","job4304","2022_05_16_batch_0","2022_05_16_cross_continental_endemic","2022_05_16_cross_continental_endemic-2022_05_16_batch_0-job4304-0",1
"COG",128034.25,818,0.0876363082171819,2023,"INFECTIOUS","job4322","2022_05_16_batch_0","2022_05_16_cross_continental_endemic","2022_05_16_cross_continental_endemic-2022_05_16_batch_0-job4322-0",1
"COG",143757.109375,1237,0.0983982203636811,2028,"INFECTIOUS","job4342","2022_05_16_batch_0","2022_05_16_cross_continental_endemic","2022_05_16_cross_continental_endemic-2022_05_16_batch_0-job4342-0",1
"COG",76.7324981689453,30,5.25215156085816e-05,2024,"INFECTIOUS","job4358","2022_05_16_batch_0","2022_05_16_cross_continental_endemic","2022_05_16_cross_continental_endemic-2022_05_16_batch_0-job4358-0",1
"COG",382.529846191406,7,0.000261832310519266,2028,"INFECTIOUS","job436","2022_05_16_batch_0","2022_05_16_cross_continental_endemic","2022_05_16_cross_continental_endemic-2022_05_16_batch_0-job436-0",1
"COG",1.00533783435822,1,6.88129124153973e-07,2019,"INFECTIOUS","job4362","2022_05_16_batch_0","2022_05_16_cross_continental_endemic","2022_05_16_cross_continental_endemic-2022_05_16_batch_0-job4362-0",1
"COG",125743.9609375,816,0.0860686614493234,2024,"INFECTIOUS","job4372","2022_05_16_batch_0","2022_05_16_cross_continental_endemic","2022_05_16_cross_continental_endemic-2022_05_16_batch_0-job4372-0",1
"COG",89518.0625,562,0.0612729212398632,2019,"INFECTIOUS","job4390","2022_05_16_batch_0","2022_05_16_cross_continental_endemic","2022_05_16_cross_continental_endemic-2022_05_16_batch_0-job4390-0",1
"COG",1.02827274799347,1,7.03827510798746e-07,2037,"INFECTIOUS","job4392","2022_05_16_batch_0","2022_05_16_cross_continental_endemic","2022_05_16_cross_continental_endemic-2022_05_16_batch_0-job4392-0",1
"COG",147489.765625,1189,0.100953132143879,2022,"INFECTIOUS","job4461","2022_05_16_batch_0","2022_05_16_cross_continental_endemic","2022_05_16_cross_continental_endemic-2022_05_16_batch_0-job4461-0",1
"COG",143713.625,939,0.0983684563740445,2032,"INFECTIOUS","job4494","2022_05_16_batch_0","2022_05_16_cross_continental_endemic","2022_05_16_cross_continental_endemic-2022_05_16_batch_0-job4494-0",1
"COG",1.00227272510529,1,6.86031131943224e-07,2020,"INFECTIOUS","job4523","2022_05_16_batch_0","2022_05_16_cross_continental_endemic","2022_05_16_cross_continental_endemic-2022_05_16_batch_0-job4523-0",1
"COG",145092.65625,1234,0.0993123694884348,2023,"INFECTIOUS","job4531","2022_05_16_batch_0","2022_05_16_cross_continental_endemic","2022_05_16_cross_continental_endemic-2022_05_16_batch_0-job4531-0",1
"COG",9.83953189849854,5,6.7349185875624e-06,2032,"INFECTIOUS","job4539","2022_05_16_batch_0","2022_05_16_cross_continental_endemic","2022_05_16_cross_continental_endemic-2022_05_16_batch_0-job4539-0",1
"COG",24.9462947845459,12,1.7075127777256e-05,2023,"INFECTIOUS","job4542","2022_05_16_batch_0","2022_05_16_cross_continental_endemic","2022_05_16_cross_continental_endemic-2022_05_16_batch_0-job4542-0",1
"COG",12.3950233459473,5,8.48408989238895e-06,2026,"INFECTIOUS","job4572","2022_05_16_batch_0","2022_05_16_cross_continental_endemic","2022_05_16_cross_continental_endemic-2022_05_16_batch_0-job4572-0",1
"COG",1.002272605896,1,6.86031050347385e-07,2021,"INFECTIOUS","job4671","2022_05_16_batch_0","2022_05_16_cross_continental_endemic","2022_05_16_cross_continental_endemic-2022_05_16_batch_0-job4671-0",1
"COG",85123.9453125,491,0.0582652556489282,2025,"INFECTIOUS","job4688","2022_05_16_batch_0","2022_05_16_cross_continental_endemic","2022_05_16_cross_continental_endemic-2022_05_16_batch_0-job4688-0",1
"COG",10400.4228515625,223,0.00711883470718619,2019,"INFECTIOUS","job4702","2022_05_16_batch_0","2022_05_16_cross_continental_endemic","2022_05_16_cross_continental_endemic-2022_05_16_batch_0-job4702-0",1
"COG",184910.640625,2040,0.126566804542137,2021,"INFECTIOUS","job4711","2022_05_16_batch_0","2022_05_16_cross_continental_endemic","2022_05_16_cross_continental_endemic-2022_05_16_batch_0-job4711-0",1
"COG",124185.25,711,0.0850017619896847,2024,"INFECTIOUS","job4732","2022_05_16_batch_0","2022_05_16_cross_continental_endemic","2022_05_16_cross_continental_endemic-2022_05_16_batch_0-job4732-0",1
"COG",1873.8349609375,20,0.00128259413543524,2028,"INFECTIOUS","job4766","2022_05_16_batch_0","2022_05_16_cross_continental_endemic","2022_05_16_cross_continental_endemic-2022_05_16_batch_0-job4766-0",1
"COG",6.09224557876587,5,4.16999288296288e-06,2020,"INFECTIOUS","job4771","2022_05_16_batch_0","2022_05_16_cross_continental_endemic","2022_05_16_cross_continental_endemic-2022_05_16_batch_0-job4771-0",1
"COG",27480.04296875,282,0.0188094163509434,2024,"INFECTIOUS","job4772","2022_05_16_batch_0","2022_05_16_cross_continental_endemic","2022_05_16_cross_continental_endemic-2022_05_16_batch_0-job4772-0",1
"COG",1158.62585449219,10,0.000793051019494183,2024,"INFECTIOUS","job4776","2022_05_16_batch_0","2022_05_16_cross_continental_endemic","2022_05_16_cross_continental_endemic-2022_05_16_batch_0-job4776-0",1
"COG",130672.5,1009,0.0894421257242473,2026,"INFECTIOUS","job4854","2022_05_16_batch_0","2022_05_16_cross_continental_endemic","2022_05_16_cross_continental_endemic-2022_05_16_batch_0-job4854-0",1
"COG",9.07498455047607,5,6.21160465368982e-06,2028,"INFECTIOUS","job4859","2022_05_16_batch_0","2022_05_16_cross_continental_endemic","2022_05_16_cross_continental_endemic-2022_05_16_batch_0-job4859-0",1
"COG",370.5400390625,26,0.000253625581202591,2023,"INFECTIOUS","job4869","2022_05_16_batch_0","2022_05_16_cross_continental_endemic","2022_05_16_cross_continental_endemic-2022_05_16_batch_0-job4869-0",1
"COG",41.0881805419922,14,2.81238532194412e-05,2031,"INFECTIOUS","job487","2022_05_16_batch_0","2022_05_16_cross_continental_endemic","2022_05_16_cross_continental_endemic-2022_05_16_batch_0-job487-0",1
"COG",150950.609375,1141,0.103321994925256,2029,"INFECTIOUS","job4872","2022_05_16_batch_0","2022_05_16_cross_continental_endemic","2022_05_16_cross_continental_endemic-2022_05_16_batch_0-job4872-0",1
"COG",0.574141919612885,1,3.92986081674234e-07,2034,"INFECTIOUS","job4912","2022_05_16_batch_0","2022_05_16_cross_continental_endemic","2022_05_16_cross_continental_endemic-2022_05_16_batch_0-job4912-0",1
"COG",520.874267578125,11,0.000356525678526453,2026,"INFECTIOUS","job497","2022_05_16_batch_0","2022_05_16_cross_continental_endemic","2022_05_16_cross_continental_endemic-2022_05_16_batch_0-job497-0",1
"COG",3012.50073242188,101,0.00206198296698743,2028,"INFECTIOUS","job5","2022_05_16_batch_0","2022_05_16_cross_continental_endemic","2022_05_16_cross_continental_endemic-2022_05_16_batch_0-job5-0",1
"COG",14096.341796875,481,0.00964860070212214,2022,"INFECTIOUS","job5034","2022_05_16_batch_0","2022_05_16_cross_continental_endemic","2022_05_16_cross_continental_endemic-2022_05_16_batch_0-job5034-0",1
"COG",3.06200957298279,4,2.0958705557449e-06,2036,"INFECTIOUS","job5036","2022_05_16_batch_0","2022_05_16_cross_continental_endemic","2022_05_16_cross_continental_endemic-2022_05_16_batch_0-job5036-0",1
"COG",193182.40625,2040,0.132228625514359,2023,"INFECTIOUS","job5040","2022_05_16_batch_0","2022_05_16_cross_continental_endemic","2022_05_16_cross_continental_endemic-2022_05_16_batch_0-job5040-0",1
"COG",16.655797958374,4,1.14004857566095e-05,2022,"INFECTIOUS","job5080","2022_05_16_batch_0","2022_05_16_cross_continental_endemic","2022_05_16_cross_continental_endemic-2022_05_16_batch_0-job5080-0",1
"COG",2857.11254882812,104,0.00195562356119773,2020,"INFECTIOUS","job5089","2022_05_16_batch_0","2022_05_16_cross_continental_endemic","2022_05_16_cross_continental_endemic-2022_05_16_batch_0-job5089-0",1
"COG",6588.32275390625,100,0.00450954555906409,2019,"INFECTIOUS","job5221","2022_05_16_batch_0","2022_05_16_cross_continental_endemic","2022_05_16_cross_continental_endemic-2022_05_16_batch_0-job5221-0",1
"COG",66.6377716064453,19,4.56119225239232e-05,2020,"INFECTIOUS","job5224","2022_05_16_batch_0","2022_05_16_cross_continental_endemic","2022_05_16_cross_continental_endemic-2022_05_16_batch_0-job5224-0",1
"COG",528.893310546875,16,0.000362014517030339,2021,"INFECTIOUS","job5252","2022_05_16_batch_0","2022_05_16_cross_continental_endemic","2022_05_16_cross_continental_endemic-2022_05_16_batch_0-job5252-0",1
"COG",1.02827286720276,1,7.03827592394585e-07,2035,"INFECTIOUS","job5265","2022_05_16_batch_0","2022_05_16_cross_continental_endemic","2022_05_16_cross_continental_endemic-2022_05_16_batch_0-job5265-0",1
"COG",141889.890625,718,0.0971201548625835,2032,"INFECTIOUS","job5278","2022_05_16_batch_0","2022_05_16_cross_continental_endemic","2022_05_16_cross_continental_endemic-2022_05_16_batch_0-job5278-0",1
"COG",155674.09375,1542,0.106555104288934,2028,"INFECTIOUS","job5288","2022_05_16_batch_0","2022_05_16_cross_continental_endemic","2022_05_16_cross_continental_endemic-2022_05_16_batch_0-job5288-0",1
"COG",3.09388399124146,3,2.11768781435156e-06,2018,"INFECTIOUS","job5289","2022_05_16_batch_0","2022_05_16_cross_continental_endemic","2022_05_16_cross_continental_endemic-2022_05_16_batch_0-job5289-0",1
"COG",139114.328125,1027,0.0952203503124256,2028,"INFECTIOUS","job5292","2022_05_16_batch_0","2022_05_16_cross_continental_endemic","2022_05_16_cross_continental_endemic-2022_05_16_batch_0-job5292-0",1
"COG",1.01239657402039,1,6.92960658564951e-07,2038,"INFECTIOUS","job5306","2022_05_16_batch_0","2022_05_16_cross_continental_endemic","2022_05_16_cross_continental_endemic-2022_05_16_batch_0-job5306-0",1
"COG",171330.1875,1433,0.117271317000393,2019,"INFECTIOUS","job5316","2022_05_16_batch_0","2022_05_16_cross_continental_endemic","2022_05_16_cross_continental_endemic-2022_05_16_batch_0-job5316-0",1
"COG",137665.90625,1104,0.0942289410147884,2026,"INFECTIOUS","job533","2022_05_16_batch_0","2022_05_16_cross_continental_endemic","2022_05_16_cross_continental_endemic-2022_05_16_batch_0-job533-0",1
"COG",532.234191894531,89,0.000364301268485518,2017,"INFECTIOUS","job5367","2022_05_16_batch_0","2022_05_16_cross_continental_endemic","2022_05_16_cross_continental_endemic-2022_05_16_batch_0-job5367-0",1
"COG",2086.322265625,41,0.00142803649110048,2029,"INFECTIOUS","job5375","2022_05_16_batch_0","2022_05_16_cross_continental_endemic","2022_05_16_cross_continental_endemic-2022_05_16_batch_0-job5375-0",1
"COG",177192.90625,2457,0.121284204390803,2024,"INFECTIOUS","job54","2022_05_16_batch_0","2022_05_16_cross_continental_endemic","2022_05_16_cross_continental_endemic-2022_05_16_batch_0-job54-0",1
"COG",138323.875,1005,0.094679304508715,2029,"INFECTIOUS","job5439","2022_05_16_batch_0","2022_05_16_cross_continental_endemic","2022_05_16_cross_continental_endemic-2022_05_16_batch_0-job5439-0",1
"COG",15.0120363235474,10,1.02753711777741e-05,2020,"INFECTIOUS","job5441","2022_05_16_batch_0","2022_05_16_cross_continental_endemic","2022_05_16_cross_continental_endemic-2022_05_16_batch_0-job5441-0",1
"COG",3.98060536384583,3,2.72462687567554e-06,2023,"INFECTIOUS","job5459","2022_05_16_batch_0","2022_05_16_cross_continental_endemic","2022_05_16_cross_continental_endemic-2022_05_16_batch_0-job5459-0",1
"COG",5.02512836456299,2,3.43957728645066e-06,2031,"INFECTIOUS","job5492","2022_05_16_batch_0","2022_05_16_cross_continental_endemic","2022_05_16_cross_continental_endemic-2022_05_16_batch_0-job5492-0",1
"COG",197078.71875,2173,0.134895555989294,2033,"INFECTIOUS","job5532","2022_05_16_batch_0","2022_05_16_cross_continental_endemic","2022_05_16_cross_continental_endemic-2022_05_16_batch_0-job5532-0",1
"COG",177447.375,2170,0.121458382017545,2022,"INFECTIOUS","job5540","2022_05_16_batch_0","2022_05_16_cross_continental_endemic","2022_05_16_cross_continental_endemic-2022_05_16_batch_0-job5540-0",1
"COG",138157.65625,1097,0.0945655318454904,2028,"INFECTIOUS","job5542","2022_05_16_batch_0","2022_05_16_cross_continental_endemic","2022_05_16_cross_continental_endemic-2022_05_16_batch_0-job5542-0",1
"COG",3.01594877243042,3,2.06434306592138e-06,2024,"INFECTIOUS","job5591","2022_05_16_batch_0","2022_05_16_cross_continental_endemic","2022_05_16_cross_continental_endemic-2022_05_16_batch_0-job5591-0",1
"COG",8993.9443359375,81,0.00615613461173394,2022,"INFECTIOUS","job5615","2022_05_16_batch_0","2022_05_16_cross_continental_endemic","2022_05_16_cross_continental_endemic-2022_05_16_batch_0-job5615-0",1
"COG",1.03345549106598,1,7.07374971492372e-07,2020,"INFECTIOUS","job5622","2022_05_16_batch_0","2022_05_16_cross_continental_endemic","2022_05_16_cross_continental_endemic-2022_05_16_batch_0-job5622-0",1
"COG",146824.109375,1077,0.10049750674449,2024,"INFECTIOUS","job5629","2022_05_16_batch_0","2022_05_16_cross_continental_endemic","2022_05_16_cross_continental_endemic-2022_05_16_batch_0-job5629-0",1
"COG",124469.4375,849,0.0851962813729081,2022,"INFECTIOUS","job5641","2022_05_16_batch_0","2022_05_16_cross_continental_endemic","2022_05_16_cross_continental_endemic-2022_05_16_batch_0-job5641-0",1
"COG",1.33636355400085,1,9.14708121527072e-07,2038,"INFECTIOUS","job5681","2022_05_16_batch_0","2022_05_16_cross_continental_endemic","2022_05_16_cross_continental_endemic-2022_05_16_batch_0-job5681-0",1
"COG",123390.1796875,718,0.0844575558342179,2029,"INFECTIOUS","job5722","2022_05_16_batch_0","2022_05_16_cross_continental_endemic","2022_05_16_cross_continental_endemic-2022_05_16_batch_0-job5722-0",1
"COG",131089.21875,914,0.0897273595020441,2024,"INFECTIOUS","job5726","2022_05_16_batch_0","2022_05_16_cross_continental_endemic","2022_05_16_cross_continental_endemic-2022_05_16_batch_0-job5726-0",1
"COG",193.758224487305,51,0.000132622758994436,2024,"INFECTIOUS","job5745","2022_05_16_batch_0","2022_05_16_cross_continental_endemic","2022_05_16_cross_continental_endemic-2022_05_16_batch_0-job5745-0",1
"COG",121173.5078125,885,0.0829402982281175,2023,"INFECTIOUS","job5789","2022_05_16_batch_0","2022_05_16_cross_continental_endemic","2022_05_16_cross_continental_endemic-2022_05_16_batch_0-job5789-0",1
"COG",1.32446813583374,2,9.06565999142902e-07,2026,"INFECTIOUS","job5803","2022_05_16_batch_0","2022_05_16_cross_continental_endemic","2022_05_16_cross_continental_endemic-2022_05_16_batch_0-job5803-0",1
"COG",141852.484375,1343,0.0970945512006396,2019,"INFECTIOUS","job5845","2022_05_16_batch_0","2022_05_16_cross_continental_endemic","2022_05_16_cross_continental_endemic-2022_05_16_batch_0-job5845-0",1
"COG",3.60696005821228,3,2.46887581556151e-06,2018,"INFECTIOUS","job5879","2022_05_16_batch_0","2022_05_16_cross_continental_endemic","2022_05_16_cross_continental_endemic-2022_05_16_batch_0-job5879-0",1
"COG",5.2118182182312,2,3.5673619187431e-06,2029,"INFECTIOUS","job5920","2022_05_16_batch_0","2022_05_16_cross_continental_endemic","2022_05_16_cross_continental_endemic-2022_05_16_batch_0-job5920-0",1
"COG",142935.875,950,0.0978361055482622,2029,"INFECTIOUS","job5933","2022_05_16_batch_0","2022_05_16_cross_continental_endemic","2022_05_16_cross_continental_endemic-2022_05_16_batch_0-job5933-0",1
"COG",88524.28125,574,0.0605927023146502,2019,"INFECTIOUS","job5991","2022_05_16_batch_0","2022_05_16_cross_continental_endemic","2022_05_16_cross_continental_endemic-2022_05_16_batch_0-job5991-0",1
"COG",131381.359375,954,0.0899273226045363,2025,"INFECTIOUS","job600","2022_05_16_batch_0","2022_05_16_cross_continental_endemic","2022_05_16_cross_continental_endemic-2022_05_16_batch_0-job600-0",1
"COG",3406.96362304688,80,0.0023319831541487,2020,"INFECTIOUS","job6000","2022_05_16_batch_0","2022_05_16_cross_continental_endemic","2022_05_16_cross_continental_endemic-2022_05_16_batch_0-job6000-0",1
"COG",117996.1640625,524,0.0807654842530527,2020,"INFECTIOUS","job6007","2022_05_16_batch_0","2022_05_16_cross_continental_endemic","2022_05_16_cross_continental_endemic-2022_05_16_batch_0-job6007-0",1
"COG",2626.81372070312,98,0.00179798965399228,2022,"INFECTIOUS","job6029","2022_05_16_batch_0","2022_05_16_cross_continental_endemic","2022_05_16_cross_continental_endemic-2022_05_16_batch_0-job6029-0",1
"COG",150825.859375,1374,0.103236606605723,2022,"INFECTIOUS","job6042","2022_05_16_batch_0","2022_05_16_cross_continental_endemic","2022_05_16_cross_continental_endemic-2022_05_16_batch_0-job6042-0",1
"COG",2627.98706054688,32,0.00179879277637704,2019,"INFECTIOUS","job6106","2022_05_16_batch_0","2022_05_16_cross_continental_endemic","2022_05_16_cross_continental_endemic-2022_05_16_batch_0-job6106-0",1
"COG",1.06909096240997,1,7.31766578817497e-07,2021,"INFECTIOUS","job6113","2022_05_16_batch_0","2022_05_16_cross_continental_endemic","2022_05_16_cross_continental_endemic-2022_05_16_batch_0-job6113-0",1
"COG",1.02192509174347,1,6.99482695567027e-07,2029,"INFECTIOUS","job6114","2022_05_16_batch_0","2022_05_16_cross_continental_endemic","2022_05_16_cross_continental_endemic-2022_05_16_batch_0-job6114-0",1
"COG",3.21051073074341,3,2.19751596103386e-06,2025,"INFECTIOUS","job6197","2022_05_16_batch_0","2022_05_16_cross_continental_endemic","2022_05_16_cross_continental_endemic-2022_05_16_batch_0-job6197-0",1
"COG",2.02824640274048,2,1.38828498539223e-06,2021,"INFECTIOUS","job6207","2022_05_16_batch_0","2022_05_16_cross_continental_endemic","2022_05_16_cross_continental_endemic-2022_05_16_batch_0-job6207-0",1
"COG",117.747398376465,28,8.05952102339115e-05,2023,"INFECTIOUS","job6259","2022_05_16_batch_0","2022_05_16_cross_continental_endemic","2022_05_16_cross_continental_endemic-2022_05_16_batch_0-job6259-0",1
"COG",225823.953125,2496,0.154570964869829,2027,"INFECTIOUS","job6275","2022_05_16_batch_0","2022_05_16_cross_continental_endemic","2022_05_16_cross_continental_endemic-2022_05_16_batch_0-job6275-0",1
"COG",161113.1875,1384,0.110278030742576,2033,"INFECTIOUS","job6317","2022_05_16_batch_0","2022_05_16_cross_continental_endemic","2022_05_16_cross_continental_endemic-2022_05_16_batch_0-job6317-0",1
"COG",134461.328125,911,0.0920354857770802,2035,"INFECTIOUS","job6331","2022_05_16_batch_0","2022_05_16_cross_continental_endemic","2022_05_16_cross_continental_endemic-2022_05_16_batch_0-job6331-0",1
"COG",106.341827392578,10,7.27883762489673e-05,2030,"INFECTIOUS","job6338","2022_05_16_batch_0","2022_05_16_cross_continental_endemic","2022_05_16_cross_continental_endemic-2022_05_16_batch_0-job6338-0",1
"COG",171178.28125,1647,0.117167340892866,2028,"INFECTIOUS","job634","2022_05_16_batch_0","2022_05_16_cross_continental_endemic","2022_05_16_cross_continental_endemic-2022_05_16_batch_0-job634-0",1
"COG",76529.359375,557,0.0523824720795489,2021,"INFECTIOUS","job6343","2022_05_16_batch_0","2022_05_16_cross_continental_endemic","2022_05_16_cross_continental_endemic-2022_05_16_batch_0-job6343-0",1
"COG",57.5801200866699,21,3.94121819052149e-05,2027,"INFECTIOUS","job6355","2022_05_16_batch_0","2022_05_16_cross_continental_endemic","2022_05_16_cross_continental_endemic-2022_05_16_batch_0-job6355-0",1
"COG",47166.98828125,294,0.0322846482303902,2023,"INFECTIOUS","job6382","2022_05_16_batch_0","2022_05_16_cross_continental_endemic","2022_05_16_cross_continental_endemic-2022_05_16_batch_0-job6382-0",1
"COG",6813.97216796875,153,0.00466399705622057,2028,"INFECTIOUS","job6390","2022_05_16_batch_0","2022_05_16_cross_continental_endemic","2022_05_16_cross_continental_endemic-2022_05_16_batch_0-job6390-0",1
"COG",24.1654529571533,10,1.65406606713508e-05,2024,"INFECTIOUS","job6420","2022_05_16_batch_0","2022_05_16_cross_continental_endemic","2022_05_16_cross_continental_endemic-2022_05_16_batch_0-job6420-0",1
"COG",66085.78125,419,0.045234098644685,2016,"INFECTIOUS","job6425","2022_05_16_batch_0","2022_05_16_cross_continental_endemic","2022_05_16_cross_continental_endemic-2022_05_16_batch_0-job6425-0",1
"COG",189511.140625,2346,0.12971573411335,2029,"INFECTIOUS","job6447","2022_05_16_batch_0","2022_05_16_cross_continental_endemic","2022_05_16_cross_continental_endemic-2022_05_16_batch_0-job6447-0",1
"COG",1.01130211353302,1,6.9221152716767e-07,2021,"INFECTIOUS","job6448","2022_05_16_batch_0","2022_05_16_cross_continental_endemic","2022_05_16_cross_continental_endemic-2022_05_16_batch_0-job6448-0",1
"COG",12586.4794921875,402,0.00861513693520744,2026,"INFECTIOUS","job6545","2022_05_16_batch_0","2022_05_16_cross_continental_endemic","2022_05_16_cross_continental_endemic-2022_05_16_batch_0-job6545-0",1
"COG",6.11248254776001,5,4.18384459258083e-06,2016,"INFECTIOUS","job6556","2022_05_16_batch_0","2022_05_16_cross_continental_endemic","2022_05_16_cross_continental_endemic-2022_05_16_batch_0-job6556-0",1
"COG",160.454788208008,12,0.000109827372553201,2028,"INFECTIOUS","job6564","2022_05_16_batch_0","2022_05_16_cross_continental_endemic","2022_05_16_cross_continental_endemic-2022_05_16_batch_0-job6564-0",1
"COG",3277.38720703125,110,0.00224329127106567,2022,"INFECTIOUS","job6601","2022_05_16_batch_0","2022_05_16_cross_continental_endemic","2022_05_16_cross_continental_endemic-2022_05_16_batch_0-job6601-0",1
"COG",188252.328125,2074,0.12885410778885,2025,"INFECTIOUS","job6617","2022_05_16_batch_0","2022_05_16_cross_continental_endemic","2022_05_16_cross_continental_endemic-2022_05_16_batch_0-job6617-0",1
"COG",390.121063232422,33,0.000267028312654241,2023,"INFECTIOUS","job6653","2022_05_16_batch_0","2022_05_16_cross_continental_endemic","2022_05_16_cross_continental_endemic-2022_05_16_batch_0-job6653-0",1
"COG",2379.79858398438,135,0.00162891384298239,2027,"INFECTIOUS","job671","2022_05_16_batch_0","2022_05_16_cross_continental_endemic","2022_05_16_cross_continental_endemic-2022_05_16_batch_0-job671-0",1
"COG",2346.88232421875,75,0.00160638346938175,2028,"INFECTIOUS","job6718","2022_05_16_batch_0","2022_05_16_cross_continental_endemic","2022_05_16_cross_continental_endemic-2022_05_16_batch_0-job6718-0",1
"COG",2.59627103805542,3,1.77708393579349e-06,2024,"INFECTIOUS","job6755","2022_05_16_batch_0","2022_05_16_cross_continental_endemic","2022_05_16_cross_continental_endemic-2022_05_16_batch_0-job6755-0",1
"COG",50.3195915222168,10,3.44425279329842e-05,2020,"INFECTIOUS","job6802","2022_05_16_batch_0","2022_05_16_cross_continental_endemic","2022_05_16_cross_continental_endemic-2022_05_16_batch_0-job6802-0",1
"COG",4.00909090042114,1,2.74412452777289e-06,2027,"INFECTIOUS","job6812","2022_05_16_batch_0","2022_05_16_cross_continental_endemic","2022_05_16_cross_continental_endemic-2022_05_16_batch_0-job6812-0",1
"COG",4.05024290084839,4,2.77229206414067e-06,2021,"INFECTIOUS","job6822","2022_05_16_batch_0","2022_05_16_cross_continental_endemic","2022_05_16_cross_continental_endemic-2022_05_16_batch_0-job6822-0",1
"COG",2.09101605415344,2,1.43124927438452e-06,2024,"INFECTIOUS","job683","2022_05_16_batch_0","2022_05_16_cross_continental_endemic","2022_05_16_cross_continental_endemic-2022_05_16_batch_0-job683-0",1
"COG",175434.484375,1951,0.120080607685911,2024,"INFECTIOUS","job6851","2022_05_16_batch_0","2022_05_16_cross_continental_endemic","2022_05_16_cross_continental_endemic-2022_05_16_batch_0-job6851-0",1
"COG",1.11363625526428,1,7.62256740740614e-07,2020,"INFECTIOUS","job6871","2022_05_16_batch_0","2022_05_16_cross_continental_endemic","2022_05_16_cross_continental_endemic-2022_05_16_batch_0-job6871-0",1
"COG",1031.30627441406,20,0.00070590388533431,2029,"INFECTIOUS","job6981","2022_05_16_batch_0","2022_05_16_cross_continental_endemic","2022_05_16_cross_continental_endemic-2022_05_16_batch_0-job6981-0",1
"COG",152355.03125,1421,0.104283287300573,2032,"INFECTIOUS","job6993","2022_05_16_batch_0","2022_05_16_cross_continental_endemic","2022_05_16_cross_continental_endemic-2022_05_16_batch_0-job6993-0",1
"COG",7902.533203125,155,0.00540909042295774,2020,"INFECTIOUS","job7006","2022_05_16_batch_0","2022_05_16_cross_continental_endemic","2022_05_16_cross_continental_endemic-2022_05_16_batch_0-job7006-0",1
"COG",69.4265518188477,16,4.75207742744827e-05,2032,"INFECTIOUS","job703","2022_05_16_batch_0","2022_05_16_cross_continental_endemic","2022_05_16_cross_continental_endemic-2022_05_16_batch_0-job703-0",1
"COG",1.00321412086487,1,6.86675494283309e-07,2026,"INFECTIOUS","job7032","2022_05_16_batch_0","2022_05_16_cross_continental_endemic","2022_05_16_cross_continental_endemic-2022_05_16_batch_0-job7032-0",1
"COG",7.0834641456604,5,4.84845771435731e-06,2028,"INFECTIOUS","job7128","2022_05_16_batch_0","2022_05_16_cross_continental_endemic","2022_05_16_cross_continental_endemic-2022_05_16_batch_0-job7128-0",1
"COG",152666.84375,1197,0.104496715319685,2025,"INFECTIOUS","job7132","2022_05_16_batch_0","2022_05_16_cross_continental_endemic","2022_05_16_cross_continental_endemic-2022_05_16_batch_0-job7132-0",1
"COG",19.0882778167725,7,1.30654586416203e-05,2026,"INFECTIOUS","job7183","2022_05_16_batch_0","2022_05_16_cross_continental_endemic","2022_05_16_cross_continental_endemic-2022_05_16_batch_0-job7183-0",1
"COG",5474.240234375,56,0.00374698336136296,2020,"INFECTIOUS","job719","2022_05_16_batch_0","2022_05_16_cross_continental_endemic","2022_05_16_cross_continental_endemic-2022_05_16_batch_0-job719-0",1
"COG",163051.71875,1577,0.111604907903286,2027,"INFECTIOUS","job7280","2022_05_16_batch_0","2022_05_16_cross_continental_endemic","2022_05_16_cross_continental_endemic-2022_05_16_batch_0-job7280-0",1
"COG",6077.52587890625,116,0.00415991760893454,2031,"INFECTIOUS","job7282","2022_05_16_batch_0","2022_05_16_cross_continental_endemic","2022_05_16_cross_continental_endemic-2022_05_16_batch_0-job7282-0",1
"COG",159550.703125,1394,0.10920854845739,2024,"INFECTIOUS","job7315","2022_05_16_batch_0","2022_05_16_cross_continental_endemic","2022_05_16_cross_continental_endemic-2022_05_16_batch_0-job7315-0",1
"COG",142550.421875,1071,0.0975722723249975,2027,"INFECTIOUS","job7324","2022_05_16_batch_0","2022_05_16_cross_continental_endemic","2022_05_16_cross_continental_endemic-2022_05_16_batch_0-job7324-0",1
"COG",3.07363629341125,2,2.1038287611081e-06,2029,"INFECTIOUS","job733","2022_05_16_batch_0","2022_05_16_cross_continental_endemic","2022_05_16_cross_continental_endemic-2022_05_16_batch_0-job733-0",1
"COG",166843.734375,1532,0.114200449721798,2019,"INFECTIOUS","job7373","2022_05_16_batch_0","2022_05_16_cross_continental_endemic","2022_05_16_cross_continental_endemic-2022_05_16_batch_0-job7373-0",1
"COG",145243.03125,1336,0.0994152974928411,2020,"INFECTIOUS","job7400","2022_05_16_batch_0","2022_05_16_cross_continental_endemic","2022_05_16_cross_continental_endemic-2022_05_16_batch_0-job7400-0",1
"COG",173065.34375,1481,0.118458988954811,2040,"INFECTIOUS","job7436","2022_05_16_batch_0","2022_05_16_cross_continental_endemic","2022_05_16_cross_continental_endemic-2022_05_16_batch_0-job7436-0",1
"COG",15646.490234375,522,0.0107096393402298,2025,"INFECTIOUS","job7462","2022_05_16_batch_0","2022_05_16_cross_continental_endemic","2022_05_16_cross_continental_endemic-2022_05_16_batch_0-job7462-0",1
"COG",187553.421875,1888,0.128375723578844,2033,"INFECTIOUS","job7487","2022_05_16_batch_0","2022_05_16_cross_continental_endemic","2022_05_16_cross_continental_endemic-2022_05_16_batch_0-job7487-0",1
"COG",557.770080566406,74,0.000381779958837889,2023,"INFECTIOUS","job7515","2022_05_16_batch_0","2022_05_16_cross_continental_endemic","2022_05_16_cross_continental_endemic-2022_05_16_batch_0-job7515-0",1
"COG",19.0449504852295,6,1.30358021443836e-05,2018,"INFECTIOUS","job7533","2022_05_16_batch_0","2022_05_16_cross_continental_endemic","2022_05_16_cross_continental_endemic-2022_05_16_batch_0-job7533-0",1
"COG",126950.8671875,900,0.0868947592170242,2024,"INFECTIOUS","job7534","2022_05_16_batch_0","2022_05_16_cross_continental_endemic","2022_05_16_cross_continental_endemic-2022_05_16_batch_0-job7534-0",1
"COG",5.21000385284424,5,3.56612003007448e-06,2023,"INFECTIOUS","job7540","2022_05_16_batch_0","2022_05_16_cross_continental_endemic","2022_05_16_cross_continental_endemic-2022_05_16_batch_0-job7540-0",1
"COG",381.928771972656,5,0.000261420889938477,2032,"INFECTIOUS","job7544","2022_05_16_batch_0","2022_05_16_cross_continental_endemic","2022_05_16_cross_continental_endemic-2022_05_16_batch_0-job7544-0",1
"COG",5.18921327590942,4,3.5518893893805e-06,2024,"INFECTIOUS","job7549","2022_05_16_batch_0","2022_05_16_cross_continental_endemic","2022_05_16_cross_continental_endemic-2022_05_16_batch_0-job7549-0",1
"COG",161072.3125,1806,0.110250052806216,2023,"INFECTIOUS","job7562","2022_05_16_batch_0","2022_05_16_cross_continental_endemic","2022_05_16_cross_continental_endemic-2022_05_16_batch_0-job7562-0",1
"COG",4415.53125,40,0.00302232299222746,2026,"INFECTIOUS","job7591","2022_05_16_batch_0","2022_05_16_cross_continental_endemic","2022_05_16_cross_continental_endemic-2022_05_16_batch_0-job7591-0",1
"COG",467.073944091797,32,0.000319700674816649,2027,"INFECTIOUS","job7599","2022_05_16_batch_0","2022_05_16_cross_continental_endemic","2022_05_16_cross_continental_endemic-2022_05_16_batch_0-job7599-0",1
"COG",140925.625,934,0.0964601386597649,2025,"INFECTIOUS","job7609","2022_05_16_batch_0","2022_05_16_cross_continental_endemic","2022_05_16_cross_continental_endemic-2022_05_16_batch_0-job7609-0",1
"COG",1037.87145996094,26,0.000710397594041855,2022,"INFECTIOUS","job7610","2022_05_16_batch_0","2022_05_16_cross_continental_endemic","2022_05_16_cross_continental_endemic-2022_05_16_batch_0-job7610-0",1
"COG",130768.59375,1006,0.0895078995425244,2026,"INFECTIOUS","job7630","2022_05_16_batch_0","2022_05_16_cross_continental_endemic","2022_05_16_cross_continental_endemic-2022_05_16_batch_0-job7630-0",1
"COG",12.0013189315796,4,8.21460886364867e-06,2022,"INFECTIOUS","job7658","2022_05_16_batch_0","2022_05_16_cross_continental_endemic","2022_05_16_cross_continental_endemic-2022_05_16_batch_0-job7658-0",1
"COG",916.208862304688,90,0.000627122525794834,2023,"INFECTIOUS","job7671","2022_05_16_batch_0","2022_05_16_cross_continental_endemic","2022_05_16_cross_continental_endemic-2022_05_16_batch_0-job7671-0",1
"COG",153139.421875,1316,0.104820183471521,2030,"INFECTIOUS","job7685","2022_05_16_batch_0","2022_05_16_cross_continental_endemic","2022_05_16_cross_continental_endemic-2022_05_16_batch_0-job7685-0",1
"COG",172933.875,1943,0.118369001815464,2028,"INFECTIOUS","job7718","2022_05_16_batch_0","2022_05_16_cross_continental_endemic","2022_05_16_cross_continental_endemic-2022_05_16_batch_0-job7718-0",1
"COG",8.06237888336182,5,5.51850087602337e-06,2029,"INFECTIOUS","job7723","2022_05_16_batch_0","2022_05_16_cross_continental_endemic","2022_05_16_cross_continental_endemic-2022_05_16_batch_0-job7723-0",1
"COG",104077.1328125,602,0.0712382482774479,2029,"INFECTIOUS","job7766","2022_05_16_batch_0","2022_05_16_cross_continental_endemic","2022_05_16_cross_continental_endemic-2022_05_16_batch_0-job7766-0",1
"COG",160907.25,1502,0.110137071567796,2021,"INFECTIOUS","job7772","2022_05_16_batch_0","2022_05_16_cross_continental_endemic","2022_05_16_cross_continental_endemic-2022_05_16_batch_0-job7772-0",1
"COG",139737.171875,960,0.0956466716041593,2035,"INFECTIOUS","job7778","2022_05_16_batch_0","2022_05_16_cross_continental_endemic","2022_05_16_cross_continental_endemic-2022_05_16_batch_0-job7778-0",1
"COG",151099.453125,1300,0.103423874826542,2018,"INFECTIOUS","job7786","2022_05_16_batch_0","2022_05_16_cross_continental_endemic","2022_05_16_cross_continental_endemic-2022_05_16_batch_0-job7786-0",1
"COG",5.05442190170288,5,3.45962799514433e-06,2027,"INFECTIOUS","job781","2022_05_16_batch_0","2022_05_16_cross_continental_endemic","2022_05_16_cross_continental_endemic-2022_05_16_batch_0-job781-0",1
"COG",6429.21826171875,174,0.00440064243106449,2018,"INFECTIOUS","job7866","2022_05_16_batch_0","2022_05_16_cross_continental_endemic","2022_05_16_cross_continental_endemic-2022_05_16_batch_0-job7866-0",1
"COG",11226.4033203125,391,0.00768419810753217,2018,"INFECTIOUS","job7877","2022_05_16_batch_0","2022_05_16_cross_continental_endemic","2022_05_16_cross_continental_endemic-2022_05_16_batch_0-job7877-0",1
"COG",1521.1767578125,14,0.00104120823295696,2026,"INFECTIOUS","job7878","2022_05_16_batch_0","2022_05_16_cross_continental_endemic","2022_05_16_cross_continental_endemic-2022_05_16_batch_0-job7878-0",1
"COG",2.09101605415344,2,1.43124927438452e-06,2023,"INFECTIOUS","job7907","2022_05_16_batch_0","2022_05_16_cross_continental_endemic","2022_05_16_cross_continental_endemic-2022_05_16_batch_0-job7907-0",1
"COG",134237.09375,948,0.0918820028395039,2033,"INFECTIOUS","job7954","2022_05_16_batch_0","2022_05_16_cross_continental_endemic","2022_05_16_cross_continental_endemic-2022_05_16_batch_0-job7954-0",1
"COG",148531.4375,1481,0.101666131028932,2023,"INFECTIOUS","job8041","2022_05_16_batch_0","2022_05_16_cross_continental_endemic","2022_05_16_cross_continental_endemic-2022_05_16_batch_0-job8041-0",1
"COG",161661.734375,1435,0.110653497643105,2037,"INFECTIOUS","job8047","2022_05_16_batch_0","2022_05_16_cross_continental_endemic","2022_05_16_cross_continental_endemic-2022_05_16_batch_0-job8047-0",1
"COG",1553.10827636719,70,0.00106306457531771,2033,"INFECTIOUS","job8058","2022_05_16_batch_0","2022_05_16_cross_continental_endemic","2022_05_16_cross_continental_endemic-2022_05_16_batch_0-job8058-0",1
"COG",66773.140625,405,0.0457045793015676,2023,"INFECTIOUS","job8071","2022_05_16_batch_0","2022_05_16_cross_continental_endemic","2022_05_16_cross_continental_endemic-2022_05_16_batch_0-job8071-0",1
"COG",160815.015625,1162,0.11007393939718,2031,"INFECTIOUS","job8076","2022_05_16_batch_0","2022_05_16_cross_continental_endemic","2022_05_16_cross_continental_endemic-2022_05_16_batch_0-job8076-0",1
"COG",1.06909096240997,1,7.31766578817497e-07,2024,"INFECTIOUS","job8107","2022_05_16_batch_0","2022_05_16_cross_continental_endemic","2022_05_16_cross_continental_endemic-2022_05_16_batch_0-job8107-0",1
"COG",3.20631504058838,4,2.19464411388663e-06,2022,"INFECTIOUS","job8111","2022_05_16_batch_0","2022_05_16_cross_continental_endemic","2022_05_16_cross_continental_endemic-2022_05_16_batch_0-job8111-0",1
"COG",29.1392478942871,9,1.99451014840218e-05,2029,"INFECTIOUS","job8198","2022_05_16_batch_0","2022_05_16_cross_continental_endemic","2022_05_16_cross_continental_endemic-2022_05_16_batch_0-job8198-0",1
"COG",761.778686523438,39,0.000521418852888567,2029,"INFECTIOUS","job8299","2022_05_16_batch_0","2022_05_16_cross_continental_endemic","2022_05_16_cross_continental_endemic-2022_05_16_batch_0-job8299-0",1
"COG",141487.640625,1283,0.0968448245897826,2020,"INFECTIOUS","job8326","2022_05_16_batch_0","2022_05_16_cross_continental_endemic","2022_05_16_cross_continental_endemic-2022_05_16_batch_0-job8326-0",1
"COG",161971.21875,1562,0.110865332117676,2027,"INFECTIOUS","job8367","2022_05_16_batch_0","2022_05_16_cross_continental_endemic","2022_05_16_cross_continental_endemic-2022_05_16_batch_0-job8367-0",1
"COG",178507.65625,1831,0.122184118563992,2034,"INFECTIOUS","job8372","2022_05_16_batch_0","2022_05_16_cross_continental_endemic","2022_05_16_cross_continental_endemic-2022_05_16_batch_0-job8372-0",1
"COG",0.110211931169033,1,7.54373674945588e-08,2028,"INFECTIOUS","job8404","2022_05_16_batch_0","2022_05_16_cross_continental_endemic","2022_05_16_cross_continental_endemic-2022_05_16_batch_0-job8404-0",1
"COG",8.13291645050049,8,5.56678211307248e-06,2024,"INFECTIOUS","job8414","2022_05_16_batch_0","2022_05_16_cross_continental_endemic","2022_05_16_cross_continental_endemic-2022_05_16_batch_0-job8414-0",1
"COG",42741.5625,336,0.0292555526738661,2026,"INFECTIOUS","job8416","2022_05_16_batch_0","2022_05_16_cross_continental_endemic","2022_05_16_cross_continental_endemic-2022_05_16_batch_0-job8416-0",1
"COG",161830.75,1626,0.110769184698764,2023,"INFECTIOUS","job844","2022_05_16_batch_0","2022_05_16_cross_continental_endemic","2022_05_16_cross_continental_endemic-2022_05_16_batch_0-job844-0",1
"COG",74974.6875,381,0.0513183372592638,2034,"INFECTIOUS","job849","2022_05_16_batch_0","2022_05_16_cross_continental_endemic","2022_05_16_cross_continental_endemic-2022_05_16_batch_0-job849-0",1
"COG",1.06909096240997,1,7.31766578817497e-07,2028,"INFECTIOUS","job8513","2022_05_16_batch_0","2022_05_16_cross_continental_endemic","2022_05_16_cross_continental_endemic-2022_05_16_batch_0-job8513-0",1
"COG",1.06909096240997,1,7.31766578817497e-07,2027,"INFECTIOUS","job8547","2022_05_16_batch_0","2022_05_16_cross_continental_endemic","2022_05_16_cross_continental_endemic-2022_05_16_batch_0-job8547-0",1
"COG",82733.390625,397,0.0566289795165357,2023,"INFECTIOUS","job8554","2022_05_16_batch_0","2022_05_16_cross_continental_endemic","2022_05_16_cross_continental_endemic-2022_05_16_batch_0-job8554-0",1
"COG",1558.26416015625,78,0.00106659365148967,2028,"INFECTIOUS","job8645","2022_05_16_batch_0","2022_05_16_cross_continental_endemic","2022_05_16_cross_continental_endemic-2022_05_16_batch_0-job8645-0",1
"COG",360.029266357422,58,0.000246431214723443,2025,"INFECTIOUS","job869","2022_05_16_batch_0","2022_05_16_cross_continental_endemic","2022_05_16_cross_continental_endemic-2022_05_16_batch_0-job869-0",1
"COG",163702.5625,1324,0.112050394509223,2026,"INFECTIOUS","job8712","2022_05_16_batch_0","2022_05_16_cross_continental_endemic","2022_05_16_cross_continental_endemic-2022_05_16_batch_0-job8712-0",1
"COG",42034.46875,287,0.0287715643206447,2021,"INFECTIOUS","job873","2022_05_16_batch_0","2022_05_16_cross_continental_endemic","2022_05_16_cross_continental_endemic-2022_05_16_batch_0-job873-0",1
"COG",57389.5625,304,0.0392817499044141,2027,"INFECTIOUS","job8739","2022_05_16_batch_0","2022_05_16_cross_continental_endemic","2022_05_16_cross_continental_endemic-2022_05_16_batch_0-job8739-0",1
"COG",211641.578125,3010,0.144863476547356,2021,"INFECTIOUS","job8762","2022_05_16_batch_0","2022_05_16_cross_continental_endemic","2022_05_16_cross_continental_endemic-2022_05_16_batch_0-job8762-0",1
"COG",5055.31494140625,89,0.00346023925894831,2023,"INFECTIOUS","job8804","2022_05_16_batch_0","2022_05_16_cross_continental_endemic","2022_05_16_cross_continental_endemic-2022_05_16_batch_0-job8804-0",1
"COG",6.38979339599609,8,4.37365707609977e-06,2022,"INFECTIOUS","job8824","2022_05_16_batch_0","2022_05_16_cross_continental_endemic","2022_05_16_cross_continental_endemic-2022_05_16_batch_0-job8824-0",1
"COG",167484.140625,1578,0.114638792114628,2024,"INFECTIOUS","job8836","2022_05_16_batch_0","2022_05_16_cross_continental_endemic","2022_05_16_cross_continental_endemic-2022_05_16_batch_0-job8836-0",1
"COG",154225.65625,1594,0.105563684296367,2023,"INFECTIOUS","job8849","2022_05_16_batch_0","2022_05_16_cross_continental_endemic","2022_05_16_cross_continental_endemic-2022_05_16_batch_0-job8849-0",1
"COG",894.802062988281,23,0.000612470095973626,2024,"INFECTIOUS","job8882","2022_05_16_batch_0","2022_05_16_cross_continental_endemic","2022_05_16_cross_continental_endemic-2022_05_16_batch_0-job8882-0",1
"COG",153427.609375,1477,0.105017440756773,2024,"INFECTIOUS","job8902","2022_05_16_batch_0","2022_05_16_cross_continental_endemic","2022_05_16_cross_continental_endemic-2022_05_16_batch_0-job8902-0",1
"COG",52.1453666687012,25,3.56922263025422e-05,2018,"INFECTIOUS","job893","2022_05_16_batch_0","2022_05_16_cross_continental_endemic","2022_05_16_cross_continental_endemic-2022_05_16_batch_0-job893-0",1
"COG",188217.25,1643,0.128830097671446,2020,"INFECTIOUS","job8954","2022_05_16_batch_0","2022_05_16_cross_continental_endemic","2022_05_16_cross_continental_endemic-2022_05_16_batch_0-job8954-0",1
"COG",193990.515625,2105,0.132781756588745,2028,"INFECTIOUS","job8956","2022_05_16_batch_0","2022_05_16_cross_continental_endemic","2022_05_16_cross_continental_endemic-2022_05_16_batch_0-job8956-0",1
"COG",3.10400819778442,3,2.1246175857608e-06,2028,"INFECTIOUS","job896","2022_05_16_batch_0","2022_05_16_cross_continental_endemic","2022_05_16_cross_continental_endemic-2022_05_16_batch_0-job896-0",1
"COG",1.00227272510529,1,6.86031131943224e-07,2025,"INFECTIOUS","job8971","2022_05_16_batch_0","2022_05_16_cross_continental_endemic","2022_05_16_cross_continental_endemic-2022_05_16_batch_0-job8971-0",1
"COG",169519.625,1736,0.116032031314754,2030,"INFECTIOUS","job8981","2022_05_16_batch_0","2022_05_16_cross_continental_endemic","2022_05_16_cross_continental_endemic-2022_05_16_batch_0-job8981-0",1
"COG",308.504730224609,22,0.000211163931716884,2021,"INFECTIOUS","job9000","2022_05_16_batch_0","2022_05_16_cross_continental_endemic","2022_05_16_cross_continental_endemic-2022_05_16_batch_0-job9000-0",1
"COG",156442.84375,1711,0.107081294835151,2021,"INFECTIOUS","job9031","2022_05_16_batch_0","2022_05_16_cross_continental_endemic","2022_05_16_cross_continental_endemic-2022_05_16_batch_0-job9031-0",1
"COG",0.514136373996735,1,3.51913755399373e-07,2022,"INFECTIOUS","job9032","2022_05_16_batch_0","2022_05_16_cross_continental_endemic","2022_05_16_cross_continental_endemic-2022_05_16_batch_0-job9032-0",1
"COG",5.06198310852051,2,3.46480345601643e-06,2024,"INFECTIOUS","job9044","2022_05_16_batch_0","2022_05_16_cross_continental_endemic","2022_05_16_cross_continental_endemic-2022_05_16_batch_0-job9044-0",1
"COG",175377.59375,1639,0.120041667446505,2021,"INFECTIOUS","job9052","2022_05_16_batch_0","2022_05_16_cross_continental_endemic","2022_05_16_cross_continental_endemic-2022_05_16_batch_0-job9052-0",1
"COG",144306.65625,1135,0.0987743717397175,2033,"INFECTIOUS","job9098","2022_05_16_batch_0","2022_05_16_cross_continental_endemic","2022_05_16_cross_continental_endemic-2022_05_16_batch_0-job9098-0",1
"COG",206.331924438477,33,0.000141229148646824,2033,"INFECTIOUS","job910","2022_05_16_batch_0","2022_05_16_cross_continental_endemic","2022_05_16_cross_continental_endemic-2022_05_16_batch_0-job910-0",1
"COG",130041.9375,566,0.0890105211371919,2027,"INFECTIOUS","job9125","2022_05_16_batch_0","2022_05_16_cross_continental_endemic","2022_05_16_cross_continental_endemic-2022_05_16_batch_0-job9125-0",1
"COG",3816.72387695312,155,0.00261245401180186,2015,"INFECTIOUS","job9131","2022_05_16_batch_0","2022_05_16_cross_continental_endemic","2022_05_16_cross_continental_endemic-2022_05_16_batch_0-job9131-0",1
"COG",142139.953125,1267,0.0972913165191212,2022,"INFECTIOUS","job9145","2022_05_16_batch_0","2022_05_16_cross_continental_endemic","2022_05_16_cross_continental_endemic-2022_05_16_batch_0-job9145-0",1
"COG",2950.54443359375,37,0.00201957539791823,2036,"INFECTIOUS","job9156","2022_05_16_batch_0","2022_05_16_cross_continental_endemic","2022_05_16_cross_continental_endemic-2022_05_16_batch_0-job9156-0",1
"COG",80126.828125,484,0.0548448513271071,2022,"INFECTIOUS","job917","2022_05_16_batch_0","2022_05_16_cross_continental_endemic","2022_05_16_cross_continental_endemic-2022_05_16_batch_0-job917-0",1
"COG",133597.140625,1061,0.091443970599638,2019,"INFECTIOUS","job9185","2022_05_16_batch_0","2022_05_16_cross_continental_endemic","2022_05_16_cross_continental_endemic-2022_05_16_batch_0-job9185-0",1
"COG",134900.015625,1296,0.0923357566261774,2024,"INFECTIOUS","job9191","2022_05_16_batch_0","2022_05_16_cross_continental_endemic","2022_05_16_cross_continental_endemic-2022_05_16_batch_0-job9191-0",1
"COG",148975.8125,1005,0.101970294832477,2019,"INFECTIOUS","job9199","2022_05_16_batch_0","2022_05_16_cross_continental_endemic","2022_05_16_cross_continental_endemic-2022_05_16_batch_0-job9199-0",1
"COG",51061.33984375,1094,0.0349502364916352,2026,"INFECTIOUS","job92","2022_05_16_batch_0","2022_05_16_cross_continental_endemic","2022_05_16_cross_continental_endemic-2022_05_16_batch_0-job92-0",1
"COG",3.01778364181519,3,2.06559898907429e-06,2024,"INFECTIOUS","job9210","2022_05_16_batch_0","2022_05_16_cross_continental_endemic","2022_05_16_cross_continental_endemic-2022_05_16_batch_0-job9210-0",1
"COG",6457.97998046875,140,0.00442032912309597,2027,"INFECTIOUS","job9214","2022_05_16_batch_0","2022_05_16_cross_continental_endemic","2022_05_16_cross_continental_endemic-2022_05_16_batch_0-job9214-0",1
"COG",197895.53125,1573,0.13545464413958,2037,"INFECTIOUS","job9235","2022_05_16_batch_0","2022_05_16_cross_continental_endemic","2022_05_16_cross_continental_endemic-2022_05_16_batch_0-job9235-0",1
"COG",2073.30932617188,38,0.00141912945276718,2018,"INFECTIOUS","job9253","2022_05_16_batch_0","2022_05_16_cross_continental_endemic","2022_05_16_cross_continental_endemic-2022_05_16_batch_0-job9253-0",1
"COG",10.7744903564453,2,7.37487475234553e-06,2022,"INFECTIOUS","job9293","2022_05_16_batch_0","2022_05_16_cross_continental_endemic","2022_05_16_cross_continental_endemic-2022_05_16_batch_0-job9293-0",1
"COG",134028.453125,854,0.091739193441869,2021,"INFECTIOUS","job9311","2022_05_16_batch_0","2022_05_16_cross_continental_endemic","2022_05_16_cross_continental_endemic-2022_05_16_batch_0-job9311-0",1
"COG",8.20931243896484,4,5.61907329603031e-06,2030,"INFECTIOUS","job9313","2022_05_16_batch_0","2022_05_16_cross_continental_endemic","2022_05_16_cross_continental_endemic-2022_05_16_batch_0-job9313-0",1
"COG",186717.046875,1491,0.127803245376448,2024,"INFECTIOUS","job9322","2022_05_16_batch_0","2022_05_16_cross_continental_endemic","2022_05_16_cross_continental_endemic-2022_05_16_batch_0-job9322-0",1
"COG",124608.296875,709,0.085291327214051,2025,"INFECTIOUS","job9332","2022_05_16_batch_0","2022_05_16_cross_continental_endemic","2022_05_16_cross_continental_endemic-2022_05_16_batch_0-job9332-0",1
"COG",75104.3359375,418,0.0514070784392889,2027,"INFECTIOUS","job9338","2022_05_16_batch_0","2022_05_16_cross_continental_endemic","2022_05_16_cross_continental_endemic-2022_05_16_batch_0-job9338-0",1
"COG",17.9613914489746,11,1.22941325233818e-05,2020,"INFECTIOUS","job9346","2022_05_16_batch_0","2022_05_16_cross_continental_endemic","2022_05_16_cross_continental_endemic-2022_05_16_batch_0-job9346-0",1
"COG",4907.04833984375,205,0.00335875440163205,2024,"INFECTIOUS","job9357","2022_05_16_batch_0","2022_05_16_cross_continental_endemic","2022_05_16_cross_continental_endemic-2022_05_16_batch_0-job9357-0",1
"COG",210.727844238281,18,0.000144238048081731,2042,"INFECTIOUS","job9387","2022_05_16_batch_0","2022_05_16_cross_continental_endemic","2022_05_16_cross_continental_endemic-2022_05_16_batch_0-job9387-0",1
"COG",4091.52685546875,237,0.00280054991992171,2022,"INFECTIOUS","job9407","2022_05_16_batch_0","2022_05_16_cross_continental_endemic","2022_05_16_cross_continental_endemic-2022_05_16_batch_0-job9407-0",1
"COG",137385.953125,874,0.0940373199575411,2037,"INFECTIOUS","job9412","2022_05_16_batch_0","2022_05_16_cross_continental_endemic","2022_05_16_cross_continental_endemic-2022_05_16_batch_0-job9412-0",1
"COG",9.11538887023926,6,6.23926042095578e-06,2035,"INFECTIOUS","job9427","2022_05_16_batch_0","2022_05_16_cross_continental_endemic","2022_05_16_cross_continental_endemic-2022_05_16_batch_0-job9427-0",1
"COG",1.02192509174347,1,6.99482695567027e-07,2030,"INFECTIOUS","job944","2022_05_16_batch_0","2022_05_16_cross_continental_endemic","2022_05_16_cross_continental_endemic-2022_05_16_batch_0-job944-0",1
"COG",26848.24609375,349,0.0183769668644337,2031,"INFECTIOUS","job9468","2022_05_16_batch_0","2022_05_16_cross_continental_endemic","2022_05_16_cross_continental_endemic-2022_05_16_batch_0-job9468-0",1
"COG",14.0533323287964,8,9.61916177464145e-06,2031,"INFECTIOUS","job9484","2022_05_16_batch_0","2022_05_16_cross_continental_endemic","2022_05_16_cross_continental_endemic-2022_05_16_batch_0-job9484-0",1
"COG",10.0704746246338,6,6.89299322718504e-06,2027,"INFECTIOUS","job9514","2022_05_16_batch_0","2022_05_16_cross_continental_endemic","2022_05_16_cross_continental_endemic-2022_05_16_batch_0-job9514-0",1
"COG",182822.765625,1259,0.125137705242387,2019,"INFECTIOUS","job9525","2022_05_16_batch_0","2022_05_16_cross_continental_endemic","2022_05_16_cross_continental_endemic-2022_05_16_batch_0-job9525-0",1
"COG",190195.421875,1424,0.130184107869062,2025,"INFECTIOUS","job9561","2022_05_16_batch_0","2022_05_16_cross_continental_endemic","2022_05_16_cross_continental_endemic-2022_05_16_batch_0-job9561-0",1
"COG",11865.1669921875,175,0.00812141619586694,2024,"INFECTIOUS","job9577","2022_05_16_batch_0","2022_05_16_cross_continental_endemic","2022_05_16_cross_continental_endemic-2022_05_16_batch_0-job9577-0",1
"COG",157.818359375,8,0.000108022801590336,2019,"INFECTIOUS","job9593","2022_05_16_batch_0","2022_05_16_cross_continental_endemic","2022_05_16_cross_continental_endemic-2022_05_16_batch_0-job9593-0",1
"COG",170022.4375,1617,0.116376194155756,2026,"INFECTIOUS","job96","2022_05_16_batch_0","2022_05_16_cross_continental_endemic","2022_05_16_cross_continental_endemic-2022_05_16_batch_0-job96-0",1
"COG",152792.59375,1512,0.104582788114725,2018,"INFECTIOUS","job9610","2022_05_16_batch_0","2022_05_16_cross_continental_endemic","2022_05_16_cross_continental_endemic-2022_05_16_batch_0-job9610-0",1
"COG",4475.806640625,79,0.00306358002080164,2031,"INFECTIOUS","job9650","2022_05_16_batch_0","2022_05_16_cross_continental_endemic","2022_05_16_cross_continental_endemic-2022_05_16_batch_0-job9650-0",1
"COG",128771.0703125,983,0.0881406436743501,2028,"INFECTIOUS","job9668","2022_05_16_batch_0","2022_05_16_cross_continental_endemic","2022_05_16_cross_continental_endemic-2022_05_16_batch_0-job9668-0",1
"COG",2.04166650772095,2,1.3974707185564e-06,2033,"INFECTIOUS","job9693","2022_05_16_batch_0","2022_05_16_cross_continental_endemic","2022_05_16_cross_continental_endemic-2022_05_16_batch_0-job9693-0",1
"COG",17621.537109375,214,0.0120615105518851,2024,"INFECTIOUS","job9733","2022_05_16_batch_0","2022_05_16_cross_continental_endemic","2022_05_16_cross_continental_endemic-2022_05_16_batch_0-job9733-0",1
"COG",71530.8203125,963,0.0489610945191159,2032,"INFECTIOUS","job9744","2022_05_16_batch_0","2022_05_16_cross_continental_endemic","2022_05_16_cross_continental_endemic-2022_05_16_batch_0-job9744-0",1
"COG",27.0952663421631,4,1.85460461742732e-05,2020,"INFECTIOUS","job9746","2022_05_16_batch_0","2022_05_16_cross_continental_endemic","2022_05_16_cross_continental_endemic-2022_05_16_batch_0-job9746-0",1
"COG",74473.5625,466,0.0509753294706812,2021,"INFECTIOUS","job977","2022_05_16_batch_0","2022_05_16_cross_continental_endemic","2022_05_16_cross_continental_endemic-2022_05_16_batch_0-job977-0",1
"COG",137674.125,1052,0.0942345665478638,2023,"INFECTIOUS","job9825","2022_05_16_batch_0","2022_05_16_cross_continental_endemic","2022_05_16_cross_continental_endemic-2022_05_16_batch_0-job9825-0",1
"COG",14016.361328125,172,0.00959385603020248,2021,"INFECTIOUS","job9830","2022_05_16_batch_0","2022_05_16_cross_continental_endemic","2022_05_16_cross_continental_endemic-2022_05_16_batch_0-job9830-0",1
"COG",7.02240228652954,2,4.80666236735363e-06,2026,"INFECTIOUS","job9897","2022_05_16_batch_0","2022_05_16_cross_continental_endemic","2022_05_16_cross_continental_endemic-2022_05_16_batch_0-job9897-0",1
"COG",69.1611099243164,19,4.73390857990717e-05,2026,"INFECTIOUS","job9919","2022_05_16_batch_0","2022_05_16_cross_continental_endemic","2022_05_16_cross_continental_endemic-2022_05_16_batch_0-job9919-0",1
"COG",12403.638671875,247,0.00848998687197367,2028,"INFECTIOUS","job9954","2022_05_16_batch_0","2022_05_16_cross_continental_endemic","2022_05_16_cross_continental_endemic-2022_05_16_batch_0-job9954-0",1
"COG",190557.5625,2197,0.130431984257063,2021,"INFECTIOUS","job9982","2022_05_16_batch_0","2022_05_16_cross_continental_endemic","2022_05_16_cross_continental_endemic-2022_05_16_batch_0-job9982-0",1
"COG",8489.6787109375,242,0.00581097714226128,2019,"INFECTIOUS","job9986","2022_05_16_batch_0","2022_05_16_cross_continental_endemic","2022_05_16_cross_continental_endemic-2022_05_16_batch_0-job9986-0",1
